name,value
mass,1683.9670000000001
com_x,-0.033917456945103307
com_y,2.9281197157089714e-19
com_z,0.191921612706483
inertia_xx,284.13424121148228
inertia_yy,1160.0409279687474
inertia_zz,1324.3959100977493
inertia_xz,-8.4999256608378815
front_left_x,1.3879999999999999
front_left_y,0.79790000000000005
front_left_z,0.13009999999999999
front_right_x,1.3879999999999999
front_right_y,-0.79790000000000005
front_right_z,0.13009999999999999
rear_left_x,-1.3879999999999999
rear_left_y,0.80000000000000004
rear_left_z,0.125
rear_right_x,-1.3879999999999999
rear_right_y,-0.80000000000000004
rear_right_z,0.125
wheel_radius,0.34399999999999997
