vehicle,name,value
1,l,4.298
1,w,1.6739999999999999
1,m,1225.8878467253344
1,m_s,1094.5427202904771
1,m_uf,65.672563217428632
1,m_ur,65.672563217428632
1,a,0.88392000000000004
1,b,1.5087600000000001
1,I_Phi_s,244.04723069965206
1,I_y_s,1342.2597688480864
1,I_z,1538.8533713561394
1,I_xz_s,0
1,K_sf,21898.332429625985
1,K_sdf,1459.3902937206362
1,K_sr,21898.332429625985
1,K_sdr,1459.3902937206362
1,T_f,1.389888
1,T_r,1.423416
1,K_ras,175186.65943700788
1,K_tsf,-12880.270509148304
1,K_tsr,0
1,K_rad,10215.732056044453
1,K_zt,189785.5477234252
1,h_cg,0.55778400000000006
1,h_raf,0
1,h_rar,0
1,h_s,0.59436
1,I_uf,32.53963075995361
1,I_ur,32.53963075995361
1,I_y_w,1.7
1,K_lt,1.0278264878518764e-05
1,R_w,0.34399999999999997
1,T_sb,0.76000000000000001
1,T_se,1
1,D_f,-0.62335958005249337
1,D_r,-0.20997375328083986
1,E_f,0
1,E_r,0
1,steering_min,-0.91000000000000003
1,steering_max,0.91000000000000003
1,steering_v_min,-0.40000000000000002
1,steering_v_max,0.40000000000000002
1,steering_kappa_dot_max,0.40000000000000002
1,steering_kappa_dot_dot_max,20
1,longitudinal_v_min,-13.9
1,longitudinal_v_max,45.799999999999997
1,longitudinal_v_switch,4.7549999999999999
1,longitudinal_a_max,11.5
1,longitudinal_j_max,10000
1,longitudinal_j_dot_max,10000
1,tire_p_cx1,1.6411
1,tire_p_dx1,1.1738999999999999
1,tire_p_dx3,0
1,tire_p_ex1,0.46403
1,tire_p_kx1,22.303000000000001
1,tire_p_hx1,0.0012297
1,tire_p_vx1,-8.8097999999999999e-06
1,tire_r_bx1,13.276
1,tire_r_bx2,-13.778
1,tire_r_cx1,1.2567999999999999
1,tire_r_ex1,0.65225
1,tire_r_hx1,0.0050721999999999998
1,tire_p_cy1,1.3507
1,tire_p_dy1,1.0488999999999999
1,tire_p_dy3,-2.8820999999999999
1,tire_p_ey1,-0.0074722
1,tire_p_ky1,-21.920000000000002
1,tire_p_hy1,0.0026746999999999999
1,tire_p_hy3,0.031414999999999998
1,tire_p_vy1,0.037317999999999997
1,tire_p_vy3,-0.32930999999999999
1,tire_r_by1,7.1433
1,tire_r_by2,9.1915999999999993
1,tire_r_by3,-0.027855999999999999
1,tire_r_cy1,1.0719000000000001
1,tire_r_ey1,-0.27572000000000002
1,tire_r_hy1,5.7447999999999996e-06
1,tire_r_vy1,-0.027824999999999999
1,tire_r_vy3,-0.27567999999999998
1,tire_r_vy4,12.119999999999999
1,tire_r_vy5,1.8999999999999999
1,tire_r_vy6,-10.704000000000001
2,l,4.508
2,w,1.6100000000000001
2,m,1093.2952334674046
2,m_s,965.71080988043627
2,m_uf,63.792182605678398
2,m_ur,63.792182605678398
2,a,1.1561957063999999
2,b,1.4227170936
2,I_Phi_s,207.26524557936952
2,I_y_s,1565.8178787125541
2,I_z,1791.5995300122856
2,I_xz_s,0
2,K_sf,24453.137879749014
2,K_sdf,1786.2441002440723
2,K_sr,19635.504745231297
2,K_sdr,1649.0833034887382
2,T_f,1.3868400000000001
2,T_r,1.36398
2,K_ras,175186.65943700788
2,K_tsf,-6914.881688272133
2,K_tsr,-2643.6009520155308
2,K_rad,10215.732056044453
2,K_zt,158294.1398119115
2,h_cg,0.57486895440000008
2,h_raf,0
2,h_rar,0
2,h_s,0.61373003999999998
2,I_uf,30.673279563178017
2,I_ur,29.670408143156248
2,I_y_w,1.7
2,K_lt,1.6430724599974725e-05
2,R_w,0.34399999999999997
2,T_sb,0.66000000000000003
2,T_se,0
2,D_f,-0.39370078740157477
2,D_r,-0.90551181102362199
2,E_f,0
2,E_r,0
2,steering_min,-1.0660000000000001
2,steering_max,1.0660000000000001
2,steering_v_min,-0.40000000000000002
2,steering_v_max,0.40000000000000002
2,steering_kappa_dot_max,0.40000000000000002
2,steering_kappa_dot_dot_max,20
2,longitudinal_v_min,-13.9
2,longitudinal_v_max,50.799999999999997
2,longitudinal_v_switch,7.319
2,longitudinal_a_max,11.5
2,longitudinal_j_max,10000
2,longitudinal_j_dot_max,10000
2,tire_p_cx1,1.6411
2,tire_p_dx1,1.1738999999999999
2,tire_p_dx3,0
2,tire_p_ex1,0.46403
2,tire_p_kx1,22.303000000000001
2,tire_p_hx1,0.0012297
2,tire_p_vx1,-8.8097999999999999e-06
2,tire_r_bx1,13.276
2,tire_r_bx2,-13.778
2,tire_r_cx1,1.2567999999999999
2,tire_r_ex1,0.65225
2,tire_r_hx1,0.0050721999999999998
2,tire_p_cy1,1.3507
2,tire_p_dy1,1.0488999999999999
2,tire_p_dy3,-2.8820999999999999
2,tire_p_ey1,-0.0074722
2,tire_p_ky1,-21.920000000000002
2,tire_p_hy1,0.0026746999999999999
2,tire_p_hy3,0.031414999999999998
2,tire_p_vy1,0.037317999999999997
2,tire_p_vy3,-0.32930999999999999
2,tire_r_by1,7.1433
2,tire_r_by2,9.1915999999999993
2,tire_r_by3,-0.027855999999999999
2,tire_r_cy1,1.0719000000000001
2,tire_r_ey1,-0.27572000000000002
2,tire_r_hy1,5.7447999999999996e-06
2,tire_r_vy1,-0.027824999999999999
2,tire_r_vy3,-0.27567999999999998
2,tire_r_vy4,12.119999999999999
2,tire_r_vy5,1.8999999999999999
2,tire_r_vy6,-10.704000000000001
3,l,4.569
3,w,1.8440000000000001
3,m,1478.8979637767998
3,m_s,1316.6086552490374
3,m_uf,81.144289416307956
3,m_ur,81.144289416307956
3,a,1.1507916024
3,b,1.3211363976000001
3,I_Phi_s,479.88430581318335
3,I_y_s,2204.322715845899
3,I_z,2473.1176915564442
3,I_xz_s,0
3,K_sf,33577.44305875984
3,K_sdf,2405.5640998000049
3,K_sr,39125.020607598424
3,K_sdr,2769.727219182409
3,T_f,1.574292
3,T_r,1.5438120000000002
3,K_ras,175186.65943700788
3,K_tsf,-33948.217142834066
3,K_tsr,-7731.3742382085784
3,K_rad,10215.732056044453
3,K_zt,212641.56722464017
3,h_cg,0.7478167416
3,h_raf,0
3,h_rar,0
3,h_s,0.80449064400000003
3,I_uf,50.276902138127426
3,I_ur,48.348915457420688
3,I_y_w,1.7
3,K_lt,1.2231329122034703e-05
3,R_w,0.34399999999999997
3,T_sb,0.64000000000000001
3,T_se,0
3,D_f,-0.32808398950131235
3,D_r,-0.32808398950131235
3,E_f,0
3,E_r,0
3,steering_min,-1.0229999999999999
3,steering_max,1.0229999999999999
3,steering_v_min,-0.40000000000000002
3,steering_v_max,0.40000000000000002
3,steering_kappa_dot_max,0.40000000000000002
3,steering_kappa_dot_dot_max,20
3,longitudinal_v_min,-11.199999999999999
3,longitudinal_v_max,41.700000000000003
3,longitudinal_v_switch,7.8239999999999998
3,longitudinal_a_max,11.5
3,longitudinal_j_max,10000
3,longitudinal_j_dot_max,10000
3,tire_p_cx1,1.6411
3,tire_p_dx1,1.1738999999999999
3,tire_p_dx3,0
3,tire_p_ex1,0.46403
3,tire_p_kx1,22.303000000000001
3,tire_p_hx1,0.0012297
3,tire_p_vx1,-8.8097999999999999e-06
3,tire_r_bx1,13.276
3,tire_r_bx2,-13.778
3,tire_r_cx1,1.2567999999999999
3,tire_r_ex1,0.65225
3,tire_r_hx1,0.0050721999999999998
3,tire_p_cy1,1.3507
3,tire_p_dy1,1.0488999999999999
3,tire_p_dy3,-2.8820999999999999
3,tire_p_ey1,-0.0074722
3,tire_p_ky1,-21.920000000000002
3,tire_p_hy1,0.0026746999999999999
3,tire_p_hy3,0.031414999999999998
3,tire_p_vy1,0.037317999999999997
3,tire_p_vy3,-0.32930999999999999
3,tire_r_by1,7.1433
3,tire_r_by2,9.1915999999999993
3,tire_r_by3,-0.027855999999999999
3,tire_r_cy1,1.0719000000000001
3,tire_r_ey1,-0.27572000000000002
3,tire_r_hy1,5.7447999999999996e-06
3,tire_r_vy1,-0.027824999999999999
3,tire_r_vy3,-0.27567999999999998
3,tire_r_vy4,12.119999999999999
3,tire_r_vy5,1.8999999999999999
3,tire_r_vy6,-10.704000000000001
