permutation,name,value
0,HostVehicle,car_blue
0,TargetVehicle,car_yellow
0,EgoSpeed,70.0
0,TargetSpeedFactor,1.100000
1,HostVehicle,car_blue
1,TargetVehicle,car_yellow
1,EgoSpeed,70.0
1,TargetSpeedFactor,1.300000
2,HostVehicle,car_blue
2,TargetVehicle,car_yellow
2,EgoSpeed,70.0
2,TargetSpeedFactor,1.500000
3,HostVehicle,car_blue
3,TargetVehicle,car_yellow
3,EgoSpeed,110.0
3,TargetSpeedFactor,1.100000
4,HostVehicle,car_blue
4,TargetVehicle,car_yellow
4,EgoSpeed,110.0
4,TargetSpeedFactor,1.300000
5,HostVehicle,car_blue
5,TargetVehicle,car_yellow
5,EgoSpeed,110.0
5,TargetSpeedFactor,1.500000
6,TargetVehicle,van_red
6,EgoSpeed,70.0
6,TargetSpeedFactor,1.100000
7,TargetVehicle,van_red
7,EgoSpeed,70.0
7,TargetSpeedFactor,1.300000
8,TargetVehicle,van_red
8,EgoSpeed,70.0
8,TargetSpeedFactor,1.500000
9,TargetVehicle,van_red
9,EgoSpeed,110.0
9,TargetSpeedFactor,1.100000
10,TargetVehicle,van_red
10,EgoSpeed,110.0
10,TargetSpeedFactor,1.300000
11,TargetVehicle,van_red
11,EgoSpeed,110.0
11,TargetSpeedFactor,1.500000
