file,road,s,t,h,x,y,z
paramPoly3.xodr,2,0,-6,0,5.5990004998809688,-8.9700249916681543,0
paramPoly3.xodr,2,0,-2.5,0,5.2495835416170706,-5.4875104131950643,0
paramPoly3.xodr,2,0,0,0,5,-3,0
paramPoly3.xodr,2,0,1.75,0,4.8252915208680509,-1.2587427107634548,0
paramPoly3.xodr,2,0,5,0,4.5008329167658596,1.9750208263901294,0
paramPoly3.xodr,2,0,2,1.5,4.800333166706344,-1.0099916694439484,1.5
paramPoly3.xodr,2,2.5,-6,0,8.2004533785882856,-8.6830640775077548,0
paramPoly3.xodr,2,2.5,-2.5,0,7.7830395876442262,-5.2080438290588766,0
paramPoly3.xodr,2,2.5,0,0,7.4848868798270418,-2.7258865087382489,0
paramPoly3.xodr,2,2.5,1.75,0,7.2761799843550126,-0.98837638451380938,0
paramPoly3.xodr,2,2.5,5,0,6.888581464192673,2.2384281319030066,0
paramPoly3.xodr,2,2.5,2,1.5,7.2463647135732945,-0.74016065248174656,1.5
paramPoly3.xodr,2,5,-6,0,10.789163159470926,-8.3476870837522839,0
paramPoly3.xodr,2,5,-2.5,0,10.307894318389032,-4.8809335155557081,0
paramPoly3.xodr,2,5,0,0,9.9641308604733911,-2.4046809668438685,0
paramPoly3.xodr,2,5,1.75,0,9.7234964399324433,-0.67130418274558057,0
paramPoly3.xodr,2,5,5,0,9.2766039446421118,2.5478241305798108,0
paramPoly3.xodr,2,5,2,1.5,9.689120094140879,-0.42367892787439665,1.5
paramPoly3.xodr,2,7.5,-6,0,13.364624533412339,-7.9672509597668357,0
paramPoly3.xodr,2,7.5,-2.5,0,12.823663230868796,-4.5093092498546534,0
paramPoly3.xodr,2,7.5,0,0,12.437262300480549,-2.0393508856316656,0
paramPoly3.xodr,2,7.5,1.75,0,12.166781649208778,-0.31038003067557418,0
paramPoly3.xodr,2,7.5,5,0,11.664460439704058,2.9005658428143102,0
paramPoly3.xodr,2,7.5,2,1.5,12.128141556169952,-0.06338419425327535,1.5
paramPoly3.xodr,2,10,-6,0,15.926532119262097,-7.5450907976991326,0
paramPoly3.xodr,2,10,-2.5,0,15.330036503383537,-4.0962949237399826,0
paramPoly3.xodr,2,10,0,0,14.903968206327422,-1.6328692994834473,0
paramPoly3.xodr,2,10,1.75,0,14.605720398388142,0.091528637496127718,0
paramPoly3.xodr,2,10,5,0,14.051831612215192,3.2939819490296234,0
paramPoly3.xodr,2,10,2,1.5,14.56311356868253,0.33787119992178116,1.5
paramPoly3.xodr,2,12.5,-6,0,18.474759578639436,-7.0845018620884019,0
paramPoly3.xodr,2,12.5,-2.5,0,17.826863389417817,-3.6449916457942115,0
paramPoly3.xodr,2,12.5,0,0,17.364080397116659,-1.1881986341555044,0
paramPoly3.xodr,2,12.5,1.75,0,17.04013230250585,0.53155647399159056,0
paramPoly3.xodr,2,12.5,5,0,16.438514412514348,3.7253873891219098,0
paramPoly3.xodr,2,12.5,2,1.5,16.993854003275736,0.77723577515546127,1.5
paramPoly3.xodr,2,15,-6,0,21.009338785649348,-6.5887264158909638,0
paramPoly3.xodr,2,15,-2.5,0,20.314136330857966,-3.158464975876218,0
paramPoly3.xodr,2,15,0,0,19.817563148864121,-0.70827823300854265,0
paramPoly3.xodr,2,15,1.75,0,19.469961921468428,1.0068524869988302,0
paramPoly3.xodr,2,15,5,0,18.824416784876433,4.1920952527268085,0
paramPoly3.xodr,2,15,2,1.5,19.420304603269045,1.2518711612855977,1.5
paramPoly3.xodr,2,17.5,-6,0,23.530439632154856,-6.0609448241810329,0
paramPoly3.xodr,2,17.5,-2.5,0,22.791975279458676,-2.6397359150676163,0
paramPoly3.xodr,2,17.5,0,0,22.264500741818544,-0.19601526570089089,0
paramPoly3.xodr,2,17.5,1.75,0,21.895268565470452,1.5145891888558172,0
paramPoly3.xodr,2,17.5,5,0,21.209551666538285,4.6914260330325606,0
paramPoly3.xodr,2,17.5,2,1.5,21.842521111706439,1.7589612537924897,1.5
paramPoly3.xodr,2,20,-6,0,26.03835087276871,-5.5042703823491186,0
paramPoly3.xodr,2,20,-2.5,0,25.260612584309008,-2.0917752314860767,0
paramPoly3.xodr,2,20,0,0,24.705085235409221,0.34572130484466701,0
paramPoly3.xodr,2,20,1.75,0,24.316216091179371,2.0519688802761875,0
paramPoly3.xodr,2,20,5,0,23.594030537609648,5.2207143775061544,0
paramPoly3.xodr,2,20,2,1.5,24.260663356289392,2.2957185339092621,1.5
paramPoly3.xodr,2,22.5,-6,0,28.533462262796935,-4.921747319634985,0
paramPoly3.xodr,2,22.5,-2.5,0,27.720378687280661,-1.5175006923728416,0
paramPoly3.xodr,2,22.5,0,0,27.139604704769038,0.9141040413858319,0
paramPoly3.xodr,2,22.5,1.75,0,26.733062917010901,2.6162273550169033,0
paramPoly3.xodr,2,22.5,5,0,25.978056739745792,5.7773135089031786,0
paramPoly3.xodr,2,22.5,2,1.5,26.67498551875974,2.8593878283927707,1.5
paramPoly3.xodr,2,25,-6,0,31.016248119067917,-4.3163514590912158,0
paramPoly3.xodr,2,25,-2.5,0,30.171688770674695,-0.91977678641852245,0
paramPoly3.xodr,2,25,0,0,29.568432093250962,1.5063479797762582,0
paramPoly3.xodr,2,25,1.75,0,29.146152419054349,3.2046353161126047,0
paramPoly3.xodr,2,25,5,0,28.361918738403499,6.3585975121658196,0
paramPoly3.xodr,2,25,2,1.5,29.085826751311977,3.4472477927320826,1.5
paramPoly3.xodr,2,27.5,-6,0,33.487252337007753,-3.6909930613226303,0
paramPoly3.xodr,2,27.5,-2.5,0,32.615030421779991,-0.30141654933821904,0
paramPoly3.xodr,2,27.5,0,0,31.99201476804587,2.1197095306506464,0
paramPoly3.xodr,2,27.5,1.75,0,31.555903810431985,3.8144977866428524,0
paramPoly3.xodr,2,27.5,5,0,30.745983460577634,6.9619616906283772,0
paramPoly3.xodr,2,27.5,2,1.5,31.493602245058575,4.0566103946417389,1.5
paramPoly3.xodr,2,30,-6,0,35.947074824756506,-3.0485214335190731,0
paramPoly3.xodr,2,30,-2.5,0,35.050952316557058,0.33481485634309927,0
paramPoly3.xodr,2,30,0,0,34.410864810700311,2.75148363481608,0
paramPoly3.xodr,2,30,1.75,0,33.962803556600591,4.4431517797471667,0
paramPoly3.xodr,2,30,5,0,33.130689798986815,7.5848211917620416,0
paramPoly3.xodr,2,30,2,1.5,33.898794806014912,4.6848186575944641,1.5
paramPoly3.xodr,2,32.5,-6,0,38.396359262984227,-2.3917309414077104,0
paramPoly3.xodr,2,32.5,-2.5,0,37.480053877071249,0.98619511458387388,0
paramPoly3.xodr,2,32.5,0,0,36.825550029990545,3.3989994402921488,0
paramPoly3.xodr,2,32.5,1.75,0,36.367397337034056,5.087962468287941,0
paramPoly3.xodr,2,32.5,5,0,35.516542335829143,8.2246080917086992,0
paramPoly3.xodr,2,32.5,2,1.5,36.301946952325984,5.3292429008587687,1.5
paramPoly3.xodr,2,35,-6,0,40.835782063527247,-1.7233681156131677,0
paramPoly3.xodr,2,35,-2.5,0,39.902975822134401,1.650038547690051,0
paramPoly3.xodr,2,35,0,0,39.236685649710942,4.0596147357637786,0
paramPoly3.xodr,2,35,1.75,0,38.770282529014523,5.7463180674153875,0
paramPoly3.xodr,2,35,5,0,37.904105304864025,8.8787671119112339,0
paramPoly3.xodr,2,35,2,1.5,38.703653511772174,5.9872756862227607,1.5
paramPoly3.xodr,2,37.5,-6,0,43.266042377416738,-1.0461395927806567,0
paramPoly3.xodr,2,37.5,-2.5,0,42.320391505391584,2.3236889530415294,0
paramPoly3.xodr,2,37.5,0,0,41.644926596802186,4.7307093429145191,0
paramPoly3.xodr,2,37.5,1.75,0,41.172101160789609,6.4156236158256119,0
paramPoly3.xodr,2,37.5,5,0,40.293996779623399,9.5447501226604992,0
paramPoly3.xodr,2,37.5,2,1.5,41.104554669930671,6.6563256548129104,1.5
paramPoly3.xodr,2,40,-6,0,45.687852990117868,-0.36272067402376873,0
paramPoly3.xodr,2,40,-2.5,0,44.73299891748988,3.0045116761394564,0
paramPoly3.xodr,2,40,0,0,44.050960294184179,5.4096776405417595,0
paramPoly3.xodr,2,40,1.75,0,43.573533257870189,7.0932938156233716,0
paramPoly3.xodr,2,40,5,0,42.686883047572778,10.220009569346367,0
paramPoly3.xodr,2,40,2,1.5,43.505329395539619,7.3338104120636025,1.5
paramPoly3.xodr,2,42.5,-6,0,48.10193193620227,0.32423568210279541,0
paramPoly3.xodr,2,42.5,-2.5,0,47.141513216984414,3.6898850821110503,0
paramPoly3.xodr,2,42.5,0,0,46.455499846114513,6.0939203678312328,0
paramPoly3.xodr,2,42.5,1.75,0,45.975290486505585,7.7767450678353605,0
paramPoly3.xodr,2,42.5,5,0,45.083473104374718,10.901990939271599,0
paramPoly3.xodr,2,42.5,2,1.5,45.906689149418597,8.0171485964073792,1.5
paramPoly3.xodr,2,45,-6,0,50.50899466517243,1.0120895882472167,0
paramPoly3.xodr,2,45,-2.5,0,49.546659646614252,4.3771915647193467,0
paramPoly3.xodr,2,45,0,0,48.85927749050127,6.7808358336280117,0
paramPoly3.xodr,2,45,1.75,0,48.378109981222181,8.4633868218640771,0
paramPoly3.xodr,2,45,5,0,47.484513178275307,11.588124371445341,0
paramPoly3.xodr,2,45,2,1.5,48.309371765610884,8.7037512487549442,1.5
paramPoly3.xodr,2,47.5,-6,0,52.909746593244734,1.6982048161096968,0
paramPoly3.xodr,2,47.5,-2.5,0,51.949166686241171,5.063808215540627,0
paramPoly3.xodr,2,47.5,0,0,51.263038181238628,7.4678106437055769,0
paramPoly3.xodr,2,47.5,1.75,0,50.782748227736846,9.1506123434210416,0
paramPoly3.xodr,2,47.5,5,0,49.890781171233542,12.275815500035478,0
paramPoly3.xodr,2,47.5,2,1.5,50.714135377236595,9.3910125862375367,1.5
paramPoly3.xodr,2,50,-6,0,55.304875881583698,2.3799393706129415,0
paramPoly3.xodr,2,50,-2.5,0,54.349759290158602,5.7470972666410578,0
paramPoly3.xodr,2,50,0,0,53.667533153426383,8.1522100495182848,0
paramPoly3.xodr,2,50,1.75,0,53.189974857713835,9.8357889975323438,0
paramPoly3.xodr,2,50,5,0,52.303080879961954,12.962435615272739,0
paramPoly3.xodr,2,50,2,1.5,53.121752244040614,10.076300275820065,1.5
paramPoly3.xodr,2,52.5,-6,0,57.695046289267559,3.0546361750536022,0
paramPoly3.xodr,2,52.5,-2.5,0,56.74915205410197,6.4243964181392288,0
paramPoly3.xodr,2,52.5,0,0,56.073513314697976,8.8313680203432483,0
paramPoly3.xodr,2,52.5,1.75,0,55.600566197115178,10.516248141886061,0
paramPoly3.xodr,2,52.5,5,0,54.72223583588999,13.645311224751287,0
paramPoly3.xodr,2,52.5,2,1.5,55.533002323174784,10.756945302106464,1.5
paramPoly3.xodr,2,55,-6,0,60.080889959079634,3.7196139973820266,0
paramPoly3.xodr,2,55,-2.5,0,59.148042155915405,7.0930091678492619,0
paramPoly3.xodr,2,55,0,0,58.48172229651238,9.5025771467544295,0
paramPoly3.xodr,2,55,1.75,0,58.015298394930262,11.189274731988046,0
paramPoly3.xodr,2,55,5,0,57.149082577706338,14.321713104564765,0
paramPoly3.xodr,2,55,2,1.5,57.948666408989965,11.430231529878563,1.5
paramPoly3.xodr,2,57.5,-6,0,62.46300000640322,4.3721587611286266,0
paramPoly3.xodr,2,57.5,-2.5,0,61.54710191361994,7.7501952741988962,0
paramPoly3.xodr,2,57.5,0,0,60.892888990203311,10.163078497820518,0
paramPoly3.xodr,2,57.5,1.75,0,60.434939943811671,11.852096754355653,0
paramPoly3.xodr,2,57.5,5,0,59.584463143370051,14.988844945063761,0
paramPoly3.xodr,2,57.5,2,1.5,60.36951865147001,12.093385076717816,1.5
paramPoly3.xodr,2,59.999999999999993,-6,0,64.841922796769254,5.0095154056552662,0
paramPoly3.xodr,2,59.999999999999993,-2.5,0,63.946970806131461,8.3931615063066687,0
paramPoly3.xodr,2,59.999999999999993,0,0,63.307719384247321,10.810051578200529,0
paramPoly3.xodr,2,59.999999999999993,1.75,0,62.860243388928424,12.501874628526231,0
paramPoly3.xodr,2,59.999999999999993,5,0,62.029216540479041,15.643831721988247,0
paramPoly3.xodr,2,59.999999999999993,2,1.5,62.796318246740007,12.743563635715617,1.5
paramPoly3.xodr,3,0,-6,0,512003.34300823091,5400005.8913325202,0
paramPoly3.xodr,3,0,-2.5,0,512001.53875342954,5400002.8922218839,0
paramPoly3.xodr,3,0,0,0,512000.25,5400000.75,0
paramPoly3.xodr,3,0,1.75,0,511999.34787259932,5399999.2504446814,0
paramPoly3.xodr,3,0,5,0,511997.67249314091,5399996.4655562332,0
paramPoly3.xodr,3,0,2,1.5,511999.21899725636,5399999.0362224933,1.5
paramPoly3.xodr,3,2.5,-6,0,512001.16059861466,5400007.1939331871,0
paramPoly3.xodr,3,2.5,-2.5,0,511999.3771784316,5400004.1823866656,0
paramPoly3.xodr,3,2.5,0,0,511998.1033068723,5400002.0312820077,0
paramPoly3.xodr,3,2.5,1.75,0,511997.21159678081,5400000.5255087474,0
paramPoly3.xodr,3,2.5,5,0,511995.5555637537,5399997.7290726909,0
paramPoly3.xodr,3,2.5,2,1.5,511997.08420962485,5400000.3103982816,1.5
paramPoly3.xodr,3,5,-6,0,511998.97039706883,5400008.4809745895,0
paramPoly3.xodr,3,5,-2.5,0,511997.20728008682,5400005.4574967073,0
paramPoly3.xodr,3,5,0,0,511995.94791081391,5400003.2978696479,0
paramPoly3.xodr,3,5,1.75,0,511995.06635232287,5400001.7861307068,0
paramPoly3.xodr,3,5,5,0,511993.42917226814,5399998.9786155298,0
paramPoly3.xodr,3,5,2,1.5,511994.9404153956,5400001.5701680006,1.5
paramPoly3.xodr,3,7.5,-6,0,511996.77283167577,5400009.7528407443,0
paramPoly3.xodr,3,7.5,-2.5,0,511995.02944813209,5400006.7179414341,0
paramPoly3.xodr,3,7.5,0,0,511993.78417417232,5400004.5501562133,0
paramPoly3.xodr,3,7.5,1.75,0,511992.91248240048,5400003.0327065587,0
paramPoly3.xodr,3,7.5,5,0,511991.29362625279,5400000.2145857709,0
paramPoly3.xodr,3,7.5,2,1.5,511992.78795500449,5400002.8159280363,1.5
paramPoly3.xodr,3,10,-6,0,511994.56833368418,5400011.0099441055,0
paramPoly3.xodr,3,10,-2.5,0,511992.84407573799,5400007.9641380487,0
paramPoly3.xodr,3,10,0,0,511991.61246291926,5400005.7885622941,0
paramPoly3.xodr,3,10,1.75,0,511990.75033394614,5400004.2656592662,0
paramPoly3.xodr,3,10,5,0,511989.14923728182,5400001.4374107849,0
paramPoly3.xodr,3,10,2,1.5,511990.62717266427,5400004.0481016906,1.5
paramPoly3.xodr,3,12.5,-6,0,511992.35733690258,5400012.2527252575,0
paramPoly3.xodr,3,12.5,-2.5,0,511990.65155898925,5400009.1965312669,0
paramPoly3.xodr,3,12.5,0,0,511989.43314619397,5400007.0135355592,0
paramPoly3.xodr,3,12.5,1.75,0,511988.58025723731,5400005.4854385639,0
paramPoly3.xodr,3,12.5,5,0,511986.99632060347,5400002.6475441437,0
paramPoly3.xodr,3,12.5,2,1.5,511988.45841595775,5400005.2671389934,1.5
paramPoly3.xodr,3,15,-6,0,511990.14027713996,5400013.4816525271,0
paramPoly3.xodr,3,15,-2.5,0,511988.452296409,5400010.4155929955,0
paramPoly3.xodr,3,15,0,0,511987.24659588689,5400008.2255504727,0
paramPoly3.xodr,3,15,1.75,0,511986.40260552143,5400006.6925207069,0
paramPoly3.xodr,3,15,5,0,511984.83519484266,5400003.8454654273,0
paramPoly3.xodr,3,15,2,1.5,511986.28203546919,5400006.4735164549,1.5
paramPoly3.xodr,3,17.5,-6,0,511987.91759169818,5400014.6972215204,0
paramPoly3.xodr,3,17.5,-2.5,0,511986.24668853072,5400011.6218219353,0
paramPoly3.xodr,3,17.5,0,0,511985.0531862682,5400009.4251079466,0
paramPoly3.xodr,3,17.5,1.75,0,511984.21773468447,5400007.8874081541,0
paramPoly3.xodr,3,17.5,5,0,511982.6661817432,5400005.0316799683,0
paramPoly3.xodr,3,17.5,2,1.5,511984.09838445822,5400007.6677367557,1.5
paramPoly3.xodr,3,20,-6,0,511985.68971892184,5400015.899954617,0
paramPoly3.xodr,3,20,-2.5,0,511984.03513752244,5400012.8157431465,0
paramPoly3.xodr,3,20,0,0,511982.85329366574,5400010.6127349539,0
paramPoly3.xodr,3,20,1.75,0,511982.02600296604,5400009.0706292186,0
paramPoly3.xodr,3,20,5,0,511980.48960595235,5400006.2067185678,0
paramPoly3.xodr,3,20,2,1.5,511981.9078185804,5400008.8503283998,1.5
paramPoly3.xodr,3,22.5,-6,0,511983.45709780749,5400017.0904003847,0
paramPoly3.xodr,3,22.5,-2.5,0,511981.81804686721,5400013.9979075361,0
paramPoly3.xodr,3,22.5,0,0,511980.64729619562,5400011.7889840733,0
paramPoly3.xodr,3,22.5,1.75,0,511979.82777072547,5400010.242737649,0
paramPoly3.xodr,3,22.5,5,0,511978.30579485238,5400007.3711371478,0
paramPoly3.xodr,3,22.5,2,1.5,511979.71069565834,5400010.0218453025,1.5
paramPoly3.xodr,3,25,-6,0,511981.22016767616,5400018.269132941,0
paramPoly3.xodr,3,25,-2.5,0,511979.59582110157,5400015.1688913042,0
paramPoly3.xodr,3,25,0,0,511978.43557354831,5400012.9544329923,0
paramPoly3.xodr,3,25,1.75,0,511977.62340026104,5400011.4043121738,0
paramPoly3.xodr,3,25,5,0,511976.11507844174,5400008.5255163684,0
paramPoly3.xodr,3,25,2,1.5,511977.50737550569,5400011.1828663424,1.5
paramPoly3.xodr,3,27.5,-6,0,511978.97936791083,5400019.4367512781,0
paramPoly3.xodr,3,27.5,-2.5,0,511977.36886561563,5400016.3292953474,0
paramPoly3.xodr,3,27.5,0,0,511976.21850683331,5400014.1096839691,0
paramPoly3.xodr,3,27.5,1.75,0,511975.41325568571,5400012.5559560042,0
paramPoly3.xodr,3,27.5,5,0,511973.91778926871,5400009.6704612123,0
paramPoly3.xodr,3,27.5,2,1.5,511975.29821980745,5400012.3339948663,1.5
paramPoly3.xodr,3,30,-6,0,511976.73513776029,5400020.593878516,0
paramPoly3.xodr,3,30,-2.5,0,511975.13758651598,5400017.4797446039,0
paramPoly3.xodr,3,30,0,0,511973.9964784843,5400015.255363238,0
paramPoly3.xodr,3,30,1.75,0,511973.19770286215,5400013.6982962824,0
paramPoly3.xodr,3,30,5,0,511971.71426242095,5400010.8066005064,0
paramPoly3.xodr,3,30,2,1.5,511973.08359205897,5400013.4758581454,1.5
paramPoly3.xodr,3,32.5,-6,0,511974.48791621061,5400021.7411611341,0
paramPoly3.xodr,3,32.5,-2.5,0,511972.90239055309,5400018.6208873661,0
paramPoly3.xodr,3,32.5,0,0,511971.76987222634,5400016.3921203883,0
paramPoly3.xodr,3,32.5,1.75,0,511970.97710939759,5400014.8319835039,0
paramPoly3.xodr,3,32.5,5,0,511969.50483557279,5400011.9345864337,0
paramPoly3.xodr,3,32.5,2,1.5,511970.86385756492,5400014.6091068061,1.5
paramPoly3.xodr,3,35,-6,0,511972.23814192327,5400022.8792681489,0
paramPoly3.xodr,3,35,-2.5,0,511970.66368511308,5400019.7533945506,0
paramPoly3.xodr,3,35,0,0,511969.53907310584,5400017.5206276942,0
paramPoly3.xodr,3,35,1.75,0,511968.75184470078,5400015.9576908946,0
paramPoly3.xodr,3,35,5,0,511967.28984909132,5400013.0550939823,0
paramPoly3.xodr,3,35,2,1.5,511968.63938350003,5400015.7344142096,1.5
paramPoly3.xodr,3,37.5,-6,0,511969.98625324067,5400024.0088902554,0
paramPoly3.xodr,3,37.5,-2.5,0,511968.42187827453,5400020.8779589301,0
paramPoly3.xodr,3,37.5,0,0,511967.30446758441,5400018.6415794119,0
paramPoly3.xodr,3,37.5,1.75,0,511966.52228010132,5400017.0761137493,0
paramPoly3.xodr,3,37.5,5,0,511965.06964620418,5400014.1688203756,0
paramPoly3.xodr,3,37.5,2,1.5,511966.41053903231,5400016.8524757978,1.5
paramPoly3.xodr,3,40,-6,0,511967.73268825631,5400025.1307389392,0
paramPoly3.xodr,3,40,-2.5,0,511966.17737892945,5400021.9952943297,0
paramPoly3.xodr,3,40,0,0,511965.06644369598,5400019.7556910375,0
paramPoly3.xodr,3,40,1.75,0,511964.28878903255,5400018.1879687328,0
paramPoly3.xodr,3,40,5,0,511962.84457322903,5400015.2764844531,0
paramPoly3.xodr,3,40,2,1.5,511964.17769550922,5400017.9640084039,1.5
paramPoly3.xodr,3,42.5,-6,0,511965.47788494831,5400026.2455455419,0
paramPoly3.xodr,3,42.5,-2.5,0,511963.93059696734,5400023.1061347844,0
paramPoly3.xodr,3,42.5,0,0,511962.82539126667,5400020.8636985291,0
paramPoly3.xodr,3,42.5,1.75,0,511962.05174727621,5400019.2939931508,0
paramPoly3.xodr,3,42.5,5,0,511960.61497986532,5400016.3788260184,0
paramPoly3.xodr,3,42.5,2,1.5,511961.94122670614,5400019.0697495248,1.5
paramPoly3.xodr,3,45,-6,0,511963.22228137346,5400027.3540603137,0
paramPoly3.xodr,3,45,-2.5,0,511961.68194352026,5400024.2112336727,0
paramPoly3.xodr,3,45,0,0,511960.5817021965,5400021.9663575003,0
paramPoly3.xodr,3,45,1.75,0,511959.81153326988,5400020.3949441798,0
paramPoly3.xodr,3,45,5,0,511958.38121954905,5400017.4766051555,0
paramPoly3.xodr,3,45,2,1.5,511959.70150913752,5400020.1704565622,1.5
paramPoly3.xodr,3,47.5,-6,0,511960.96631591895,5400028.4570514113,0
paramPoly3.xodr,3,47.5,-2.5,0,511959.43183126667,5400025.3113627983,0
paramPoly3.xodr,3,47.5,0,0,511958.33577080083,5400023.0644423598,0
paramPoly3.xodr,3,47.5,1.75,0,511957.56852847472,5400021.4915980529,0
paramPoly3.xodr,3,47.5,5,0,511956.14364986907,5400018.5706014838,0
paramPoly3.xodr,3,47.5,2,1.5,511957.45892242814,5400021.2669060091,1.5
paramPoly3.xodr,3,50,-6,0,511958.71042760689,5400029.5553038809,0
paramPoly3.xodr,3,50,-2.5,0,511957.1806747918,5400026.4073114526,0
paramPoly3.xodr,3,50,0,0,511956.08799420961,5400024.1587454332,0
paramPoly3.xodr,3,50,1.75,0,511955.32311780209,5400022.584749219,0
paramPoly3.xodr,3,50,5,0,511953.90263304522,5400019.6616133936,0
paramPoly3.xodr,3,50,2,1.5,511955.21384974383,5400022.359892617,1.5
paramPoly3.xodr,3,52.5,-6,0,511956.45505644806,5400030.6496185996,0
paramPoly3.xodr,3,52.5,-2.5,0,511954.92889099888,5400027.4998854324,0
paramPoly3.xodr,3,52.5,0,0,511953.83877282095,5400025.2500760276,0
paramPoly3.xodr,3,52.5,1.75,0,511953.07569009636,5400023.675209444,0
paramPoly3.xodr,3,52.5,5,0,511951.65853646502,5400020.7504572179,0
paramPoly3.xodr,3,52.5,2,1.5,511952.96667827858,5400023.4502285039,1.5
paramPoly3.xodr,3,55,-6,0,511954.20064383937,5400031.7408111878,0
paramPoly3.xodr,3,55,-2.5,0,511952.67689957016,5400028.5899060154,0
paramPoly3.xodr,3,55,0,0,511951.58851080638,5400026.3392594643,0
paramPoly3.xodr,3,55,1.75,0,511950.82663867174,5400024.7638068786,0
paramPoly3.xodr,3,55,5,0,511949.41173327889,5400021.837966362,0
paramPoly3.xodr,3,55,2,1.5,511950.71779979538,5400024.5387422228,1.5
paramPoly3.xodr,3,57.5,-6,0,511951.94763299997,5400032.8297108766,0
paramPoly3.xodr,3,57.5,-2.5,0,511950.42512347014,5400029.678208896,0
paramPoly3.xodr,3,57.5,0,0,511949.33761666308,5400027.4271360533,0
paramPoly3.xodr,3,57.5,1.75,0,511948.57636189816,5400025.8513850635,0
paramPoly3.xodr,3,57.5,5,0,511947.16260304902,5400022.9249903671,0
paramPoly3.xodr,3,57.5,2,1.5,511948.46761121746,5400025.6262777792,1.5
paramPoly3.xodr,3,60,-6,0,511949.69646943838,5400033.9171593543,0
paramPoly3.xodr,3,60,-2.5,0,511948.1739894874,5400030.7656430844,0
paramPoly3.xodr,3,60,0,0,511947.0865038081,5400028.5145600345,0
paramPoly3.xodr,3,60,1.75,0,511946.32526383258,5400026.9388018996,0
paramPoly3.xodr,3,60,5,0,511944.91153244954,5400024.0123939347,0
paramPoly3.xodr,3,60,2,1.5,511946.21651526465,5400026.7136935946,1.5
paramPoly3.xodr,3,62.5,-6,0,511947.44760144618,5400035.0040095458,0
paramPoly3.xodr,3,62.5,-2.5,0,511945.92392880848,5400031.8530697348,0
paramPoly3.xodr,3,62.5,0,0,511944.83559121017,5400029.6023984412,0
paramPoly3.xodr,3,62.5,1.75,0,511944.07375489135,5400028.0269285357,0
paramPoly3.xodr,3,62.5,5,0,511942.65891601349,5400025.101055854,0
paramPoly3.xodr,3,62.5,2,1.5,511943.9649211315,5400027.8018614063,1.5
paramPoly3.xodr,3,65,-6,0,511945.20148060884,5400036.0911243772,0
paramPoly3.xodr,3,65,-2.5,0,511943.6753776173,5400032.9413609486,0
paramPoly3.xodr,3,65,0,0,511942.58530405193,5400030.6915299278,0
paramPoly3.xodr,3,65,1.75,0,511941.82225255616,5400029.116648213,0
paramPoly3.xodr,3,65,5,0,511940.40515692119,5400026.1918678861,0
paramPoly3.xodr,3,65,2,1.5,511941.71324519964,5400028.8916651113,1.5
paramPoly3.xodr,3,67.5,-6,0,511942.95856232726,5400037.179375465,0
paramPoly3.xodr,3,67.5,-2.5,0,511941.42877771246,5400034.031398491,0
paramPoly3.xodr,3,67.5,0,0,511940.33607441612,5400031.7828435088,0
paramPoly3.xodr,3,67.5,1.75,0,511939.57118210872,5400030.2088550217,0
paramPoly3.xodr,3,67.5,5,0,511938.1506678235,5400027.2857335452,0
paramPoly3.xodr,3,67.5,2,1.5,511939.46191177907,5400029.9839995233,1.5
paramPoly3.xodr,3,70,-6,0,511940.71930634149,5400038.2696417691,0
paramPoly3.xodr,3,70,-2.5,0,511939.18457713549,5400035.1240724614,0
paramPoly3.xodr,3,70,0,0,511938.08834198833,5400032.8772372426,0
paramPoly3.xodr,3,70,1.75,0,511937.32097738533,5400031.3044525888,0
paramPoly3.xodr,3,70,5,0,511935.89587169403,5400028.3835668042,0
paramPoly3.xodr,3,70,2,1.5,511937.21135387063,5400031.0797690675,1.5
paramPoly3.xodr,3,72.5,-6,0,511938.4841772471,5400039.3628081847,0
paramPoly3.xodr,3,72.5,-2.5,0,511936.94323080068,5400036.2202798948,0
paramPoly3.xodr,3,72.5,0,0,511935.8425547675,5400033.9756168313,0
paramPoly3.xodr,3,72.5,1.75,0,511935.07208154426,5400032.4043526864,0
paramPoly3.xodr,3,72.5,5,0,511933.6412027012,5400029.4862907035,0
paramPoly3.xodr,3,72.5,2,1.5,511934.96201394097,5400032.1798863802,1.5
paramPoly3.xodr,3,75,-6,0,511936.25364499661,5400040.4597640745,0
paramPoly3.xodr,3,75,-2.5,0,511934.70520111755,5400037.3209232772,0
paramPoly3.xodr,3,75,0,0,511933.59916977544,5400035.0788941355,0
paramPoly3.xodr,3,75,1.75,0,511932.82494783594,5400033.5094737364,0
paramPoly3.xodr,3,75,5,0,511931.38710709114,5400030.5948358532,0
paramPoly3.xodr,3,75,2,1.5,511932.71434470173,5400033.2852708222,1.5
paramPoly3.xodr,3,75.693444965682787,-6,0,511935.63582265872,5400040.7648267811,0
paramPoly3.xodr,3,75.693444965682787,-2.5,0,511934.0850715937,5400037.627125212,0
paramPoly3.xodr,3,75.693444965682787,0,0,511932.97739226156,5400035.385909806,0
paramPoly3.xodr,3,75.693444965682787,1.75,0,511932.20201672905,5400033.8170590214,0
paramPoly3.xodr,3,75.693444965682787,5,0,511930.76203359728,5400030.9034789931,0
paramPoly3.xodr,3,75.693444965682787,2,1.5,511932.09124879586,5400033.5929374807,1.5
