file,road,id,type,s,t,z_offset,heading,pitch,roll,validities,outline,corner,x,y,z
signalized.xodr,e,crosswalk_e,crosswalk,96,0,0,0,0,0,-1:1,0,0,16,3.5000000000000111,0
signalized.xodr,e,crosswalk_e,crosswalk,96,0,0,0,0,0,-1:1,0,1,12,3.500000000000012,0
signalized.xodr,e,crosswalk_e,crosswalk,96,0,0,0,0,0,-1:1,0,2,12,-3.499999999999988,0
signalized.xodr,e,crosswalk_e,crosswalk,96,0,0,0,0,0,-1:1,0,3,16,-3.4999999999999889,0
signalized.xodr,n,crosswalk_n,crosswalk,96,0,0,0,0,0,-1:1,0,0,-3.5000000000000107,16,0
signalized.xodr,n,crosswalk_n,crosswalk,96,0,0,0,0,0,-1:1,0,1,-3.5000000000000111,12,0
signalized.xodr,n,crosswalk_n,crosswalk,96,0,0,0,0,0,-1:1,0,2,3.4999999999999889,12,0
signalized.xodr,n,crosswalk_n,crosswalk,96,0,0,0,0,0,-1:1,0,3,3.4999999999999893,16,0
signalized.xodr,s,crosswalk_s,crosswalk,96,0,0,0,0,0,-1:1,0,0,3.5000000000000124,-16,0
signalized.xodr,s,crosswalk_s,crosswalk,96,0,0,0,0,0,-1:1,0,1,3.5000000000000129,-12,0
signalized.xodr,s,crosswalk_s,crosswalk,96,0,0,0,0,0,-1:1,0,2,-3.4999999999999871,-12,0
signalized.xodr,s,crosswalk_s,crosswalk,96,0,0,0,0,0,-1:1,0,3,-3.4999999999999876,-16,0
signalized.xodr,w,crosswalk_w,crosswalk,96,0,0,0,0,0,-1:1,0,0,-16,-3.5000000000000098,0
signalized.xodr,w,crosswalk_w,crosswalk,96,0,0,0,0,0,-1:1,0,1,-12,-3.5000000000000107,0
signalized.xodr,w,crosswalk_w,crosswalk,96,0,0,0,0,0,-1:1,0,2,-12,3.4999999999999893,0
signalized.xodr,w,crosswalk_w,crosswalk,96,0,0,0,0,0,-1:1,0,3,-16,3.4999999999999902,0
crosswalks.xodr,1,raised,crosswalk,72,0,0,0,0,0,-1:1,0,0,57.540324108286356,39.614317135844622,2.3150237435183563
crosswalks.xodr,1,raised,crosswalk,72,0,0,0,0,0,-1:1,0,1,59.706836367733864,43.141811517137242,2.3950237435183559
crosswalks.xodr,1,raised,crosswalk,72,0,0,0,0,0,-1:1,0,2,53.670597765467186,46.680138013176823,2.6049502638294544
crosswalks.xodr,1,raised,crosswalk,72,0,0,0,0,0,-1:1,0,3,51.650409173781931,43.391198510785038,2.5249502638294548
crosswalks.xodr,1,turned,crosswalk,40,0.5,0.050000000000000003,0.20000000000000001,0.01,0.02,-1:1,0,0,36.437447776429998,15.38200313503971,1.6522254077851304
crosswalks.xodr,1,turned,crosswalk,40,0.5,0.050000000000000003,0.20000000000000001,0.01,0.02,-1:1,0,1,38.92286820564987,18.515501352225741,1.7144685833827933
crosswalks.xodr,1,turned,crosswalk,40,0.5,0.050000000000000003,0.20000000000000001,0.01,0.02,-1:1,0,2,32.660657139312441,23.473347335788411,2.1775838648328198
crosswalks.xodr,1,turned,crosswalk,40,0.5,0.050000000000000003,0.20000000000000001,0.01,0.02,-1:1,0,3,30.17523671009257,20.33984911860238,2.1153406892351567
midblock.xodr,1,walk,crosswalk,200,0,0,0,0,0,-1:1,0,0,198,-3.5,0
midblock.xodr,1,walk,crosswalk,200,0,0,0,0,0,-1:1,0,1,202,-3.5,0
midblock.xodr,1,walk,crosswalk,200,0,0,0,0,0,-1:1,0,2,202,3.5,0
midblock.xodr,1,walk,crosswalk,200,0,0,0,0,0,-1:1,0,3,198,3.5,0
