file,from_road,from_section,from_lane,to_road,to_section,to_lane
curves.xodr,1,300,1,1,120,1
curves.xodr,1,120,-1,1,300,-1
curves.xodr,1,120,-2,1,300,-2
curves.xodr,1,120,2,1,0,2
curves.xodr,1,120,1,1,0,1
curves.xodr,1,0,-1,1,120,-1
curves.xodr,1,0,-2,1,120,-3
ring.xodr,10,0,2,11,0,2
ring.xodr,11,0,2,10,0,2
ring.xodr,10,0,1,11,0,1
ring.xodr,11,0,1,10,0,1
ring.xodr,10,0,-1,11,0,-1
ring.xodr,11,0,-1,10,0,-1
ring.xodr,10,0,-2,11,0,-2
ring.xodr,11,0,-2,10,0,-2
signalized.xodr,we,0,-1,e,0,1
signalized.xodr,sw,0,-1,w,0,1
signalized.xodr,s,0,-1,sn,0,-1
signalized.xodr,w,0,-1,ws,0,-1
signalized.xodr,se,0,-1,e,0,1
signalized.xodr,ew,0,-1,w,0,1
signalized.xodr,nw,0,-1,w,0,1
signalized.xodr,s,0,-1,se,0,-1
signalized.xodr,en,0,-1,n,0,1
signalized.xodr,e,0,-1,es,0,-1
signalized.xodr,es,0,-1,s,0,1
signalized.xodr,e,0,-1,ew,0,-1
signalized.xodr,n,0,-1,ns,0,-1
signalized.xodr,ws,0,-1,s,0,1
signalized.xodr,wn,0,-1,n,0,1
signalized.xodr,e,0,-1,en,0,-1
signalized.xodr,ns,0,-1,s,0,1
signalized.xodr,s,0,-1,sw,0,-1
signalized.xodr,n,0,-1,ne,0,-1
signalized.xodr,w,0,-1,wn,0,-1
signalized.xodr,sn,0,-1,n,0,1
signalized.xodr,ne,0,-1,e,0,1
signalized.xodr,w,0,-1,we,0,-1
signalized.xodr,n,0,-1,nw,0,-1
priority.xodr,w,0,-1,ws,0,-1
priority.xodr,we,0,-1,e,0,1
priority.xodr,w,0,-1,we,0,-1
priority.xodr,sw,0,-1,w,0,1
priority.xodr,ws,0,-1,s,0,1
priority.xodr,s,0,-1,sw,0,-1
priority.xodr,s,0,-1,se,0,-1
priority.xodr,ew,0,-1,w,0,1
priority.xodr,e,0,-1,ew,0,-1
priority.xodr,es,0,-1,s,0,1
priority.xodr,se,0,-1,e,0,1
priority.xodr,e,0,-1,es,0,-1
Town01.xodr,99,0,-1,12,0,1
Town01.xodr,18,0,-1,99,0,-1
Town01.xodr,97,18.05335791203402,-1,19,0,-1
Town01.xodr,95,18.132562348832547,1,95,0,1
Town01.xodr,93,0,-1,3,0,-1
Town01.xodr,92,0,-1,21,0,-1
Town01.xodr,3,0,1,92,0,-1
Town01.xodr,21,0,1,90,1.3180667371315167,1
Town01.xodr,12,0,1,130,0,-1
Town01.xodr,25,0,-1,168,0,-1
Town01.xodr,198,18.349277463724608,1,198,0,1
Town01.xodr,50,11.628342301499842,1,50,0.6545154616783222,1
Town01.xodr,166,0,-1,166,11.000050047191678,-1
Town01.xodr,23,0,1,165,11.000050047191678,1
Town01.xodr,5,0,2,20,0,-2
Town01.xodr,165,11.000050047191678,1,165,0,1
Town01.xodr,15,0,1,13,0,-1
Town01.xodr,160,0,-1,4,0,-1
Town01.xodr,150,12.031788870989359,1,150,0.97428998194476435,1
Town01.xodr,122,11.057454100866096,1,122,0.61585188367891419,1
Town01.xodr,23,0,1,160,0,-1
Town01.xodr,207,0,-1,207,0.22278322363811753,-1
Town01.xodr,4,0,1,159,0,-1
Town01.xodr,158,0,-1,4,0,-1
Town01.xodr,7,0,-3,14,0,3
Town01.xodr,197,0,-1,24,0,1
Town01.xodr,37,21.947653550686567,1,37,10.973826775343298,1
Town01.xodr,21,0,1,93,0,-1
Town01.xodr,154,18.402479319227517,1,154,0,1
Town01.xodr,20,0,-2,15,0,2
Town01.xodr,95,0,1,12,0,1
Town01.xodr,38,10.973826775343298,-1,38,21.947653550686567,-1
Town01.xodr,6,0,-1,73,18.629480192499699,1
Town01.xodr,152,18.515761247896808,-1,18,0,-1
Town01.xodr,4,0,1,157,0,-1
Town01.xodr,15,0,-3,20,0,3
Town01.xodr,114,0,-1,114,0.61585188367891419,-1
Town01.xodr,151,12.031788870989359,-1,151,22.000114821539839,-1
Town01.xodr,151,0.97428998194476435,-1,151,12.031788870989359,-1
Town01.xodr,151,0,-1,151,0.97428998194476435,-1
Town01.xodr,189,0,-1,189,11.00000898667578,-1
Town01.xodr,17,0,-1,151,0,-1
Town01.xodr,168,0,-1,9,0,1
Town01.xodr,150,22.000114821539839,1,150,12.031788870989359,1
Town01.xodr,20,0,-1,15,0,1
Town01.xodr,56,18.119675491999192,1,56,0,1
Town01.xodr,152,0,-1,152,18.515761247896808,-1
Town01.xodr,13,0,1,15,0,-1
Town01.xodr,15,0,-1,20,0,1
Town01.xodr,140,0,-1,4,0,1
Town01.xodr,200,0,-1,200,18.549900722352515,-1
Town01.xodr,14,0,3,8,0,-3
Town01.xodr,14,0,-2,7,0,2
Town01.xodr,83,10.973820740548888,-1,83,21.947641481097889,-1
Town01.xodr,5,0,3,20,0,-3
Town01.xodr,14,0,-1,7,0,1
Town01.xodr,6,0,1,206,21.999984063947025,1
Town01.xodr,12,0,-1,97,0,-1
Town01.xodr,68,0,-1,68,0.024118579456001044,-1
Town01.xodr,12,0,1,137,0,-1
Town01.xodr,136,0,-1,136,11.000035667895645,-1
Town01.xodr,24,0,1,136,0,-1
Town01.xodr,8,0,3,14,0,-3
Town01.xodr,135,0,1,24,0,-1
Town01.xodr,10,0,-1,112,0.61585188367891419,1
Town01.xodr,67,0,1,7,0,-1
Town01.xodr,25,0,-1,170,0,-1
Town01.xodr,19,0,-1,62,0,-1
Town01.xodr,17,0,1,114,0,-1
Town01.xodr,88,1.3180667371315167,-1,21,0,-1
Town01.xodr,11,0,-2,8,0,2
Town01.xodr,22,0,-1,166,0,-1
Town01.xodr,51,0.6545154616783222,-1,51,11.628342301499842,-1
Town01.xodr,4,0,-1,152,0,-1
Town01.xodr,20,0,3,5,0,-3
Town01.xodr,9,0,-1,179,0,-1
Town01.xodr,114,0.61585188367891419,-1,10,0,1
Town01.xodr,123,0,-1,123,0.61585188367891419,-1
Town01.xodr,13,0,2,15,0,-2
Town01.xodr,108,22.11492943468599,-1,18,0,1
Town01.xodr,0,0,3,11,0,-3
Town01.xodr,38,1.1274226595104437,-1,38,10.973826775343298,-1
Town01.xodr,130,0,-1,24,0,-1
Town01.xodr,22,0,-1,158,0,-1
Town01.xodr,112,0,1,17,0,-1
Town01.xodr,24,0,1,129,0,-1
Town01.xodr,14,0,1,8,0,-1
Town01.xodr,13,0,-1,3,0,1
Town01.xodr,108,0,-1,108,1.5045068184390971,-1
Town01.xodr,0,0,2,11,0,-2
Town01.xodr,188,0,1,22,0,-1
Town01.xodr,13,0,3,15,0,-3
Town01.xodr,16,0,-1,127,0,-1
Town01.xodr,108,1.5045068184390971,-1,108,11.057464717343009,-1
Town01.xodr,14,0,-3,7,0,3
Town01.xodr,5,0,1,20,0,-1
Town01.xodr,107,1.5045068184390971,1,107,0,1
Town01.xodr,169,0,-1,25,0,1
Town01.xodr,107,0,1,19,0,-1
Town01.xodr,9,0,-1,169,0,-1
Town01.xodr,50,0.6545154616783222,1,50,0,1
Town01.xodr,8,0,-2,11,0,2
Town01.xodr,165,0,1,22,0,1
Town01.xodr,206,11.214369776735168,1,206,0.22278322363811753,1
Town01.xodr,107,22.11492943468599,1,107,11.057464717343009,1
Town01.xodr,18,0,-1,107,22.11492943468599,1
Town01.xodr,0,0,-1,56,18.119675491999192,1
Town01.xodr,31,0,-1,25,0,-1
Town01.xodr,11,0,2,0,0,-2
Town01.xodr,157,0,-1,22,0,1
Town01.xodr,7,0,1,68,0,-1
Town01.xodr,123,0.61585188367891419,-1,123,11.057454100866096,-1
Town01.xodr,8,0,1,14,0,-1
Town01.xodr,141,0,-1,17,0,1
Town01.xodr,18,0,1,150,22.000114821539839,1
Town01.xodr,135,11.000035667895645,1,135,0,1
Town01.xodr,25,0,1,32,0,-1
Town01.xodr,0,0,1,11,0,-1
Town01.xodr,100,0,-1,18,0,1
Town01.xodr,150,0,1,17,0,1
Town01.xodr,107,11.057464717343009,1,107,1.5045068184390971,1
Town01.xodr,11,0,3,0,0,-3
Town01.xodr,127,0,-1,10,0,1
Town01.xodr,178,22.000033357848629,1,178,11.200473453294769,1
Town01.xodr,32,0,-1,2,0,-1
Town01.xodr,8,0,-3,11,0,3
Town01.xodr,122,0.61585188367891419,1,122,0,1
Town01.xodr,154,0,1,4,0,1
Town01.xodr,1,0,1,44,0,-1
Town01.xodr,4,0,-1,141,0,-1
Town01.xodr,17,0,1,123,0,-1
Town01.xodr,179,0.21640936482128126,-1,179,11.200473453294769,-1
Town01.xodr,122,22.114908201732192,1,122,11.057454100866096,1
Town01.xodr,179,11.200473453294769,-1,179,22.000033357848629,-1
Town01.xodr,200,18.549900722352515,-1,6,0,-1
Town01.xodr,11,0,1,0,0,-1
Town01.xodr,16,0,-1,122,22.114908201732192,1
Town01.xodr,7,0,-2,14,0,2
Town01.xodr,189,11.00000898667578,-1,21,0,1
Town01.xodr,8,0,2,14,0,-2
Town01.xodr,150,0.97428998194476435,1,150,0,1
Town01.xodr,22,0,1,191,0,-1
Town01.xodr,8,0,-1,11,0,1
Town01.xodr,19,0,1,95,18.132562348832547,1
Town01.xodr,6,0,-1,67,22.000006535984141,1
Town01.xodr,11,0,-1,8,0,1
Town01.xodr,178,0.21640936482128126,1,178,0,1
Town01.xodr,10,0,-1,126,0,-1
Town01.xodr,11,0,-3,8,0,3
Town01.xodr,126,0,-1,16,0,1
Town01.xodr,13,0,-2,3,0,2
Town01.xodr,129,0,-1,12,0,-1
Town01.xodr,15,0,3,13,0,-3
Town01.xodr,25,0,1,29,0,-1
Town01.xodr,15,0,2,13,0,-2
Town01.xodr,15,0,-2,20,0,2
Town01.xodr,3,0,-3,13,0,3
Town01.xodr,7,0,-1,14,0,1
Town01.xodr,123,22.114908201732192,-1,16,0,1
Town01.xodr,82,10.973820740548888,1,82,1.3180667371315167,1
Town01.xodr,12,0,-1,100,0,-1
Town01.xodr,206,21.999984063947025,1,206,11.214369776735168,1
Town01.xodr,13,0,-3,3,0,3
Town01.xodr,3,0,-2,13,0,2
Town01.xodr,16,0,1,45,0,-1
Town01.xodr,170,0,-1,170,18.507419019455583,-1
Town01.xodr,207,21.999984063947025,-1,6,0,-1
Town01.xodr,172,18.593158565990827,1,172,0,1
Town01.xodr,67,22.000006535984141,1,67,11.015716358075792,1
Town01.xodr,123,11.057454100866096,-1,123,22.114908201732192,-1
Town01.xodr,172,0,1,25,0,1
Town01.xodr,16,0,1,58,0,-1
Town01.xodr,151,22.000114821539839,-1,18,0,-1
Town01.xodr,19,0,-1,75,0,-1
Town01.xodr,88,0,-1,88,1.3180667371315167,-1
Town01.xodr,10,0,1,172,18.593158565990827,1
Town01.xodr,178,0,1,9,0,1
Town01.xodr,3,0,-1,13,0,1
Town01.xodr,178,11.200473453294769,1,178,0.21640936482128126,1
Town01.xodr,10,0,1,178,22.000033357848629,1
Town01.xodr,112,0.61585188367891419,1,112,0,1
Town01.xodr,179,22.000033357848629,-1,10,0,-1
Town01.xodr,188,11.00000898667578,1,188,0,1
Town01.xodr,97,0,-1,97,18.05335791203402,-1
Town01.xodr,166,11.000050047191678,-1,23,0,-1
Town01.xodr,19,0,1,108,0,-1
Town01.xodr,21,0,-1,188,11.00000898667578,1
Town01.xodr,136,11.000035667895645,-1,23,0,1
Town01.xodr,159,0,-1,23,0,-1
Town01.xodr,22,0,1,189,0,-1
Town01.xodr,73,18.629480192499699,1,73,0,1
Town01.xodr,9,0,1,192,0,-1
Town01.xodr,192,0,-1,22,0,-1
Town01.xodr,1,0,1,51,0,-1
Town01.xodr,21,0,-1,193,0,-1
Town01.xodr,50,0,1,1,0,-1
Town01.xodr,193,0,-1,9,0,-1
Town01.xodr,9,0,1,194,0,-1
Town01.xodr,194,0,-1,21,0,1
Town01.xodr,206,0,1,5,0,1
Town01.xodr,138,0,-1,12,0,-1
Town01.xodr,24,0,-1,196,0,-1
Town01.xodr,56,0,1,16,0,-1
Town01.xodr,196,0,-1,5,0,1
Town01.xodr,5,0,-1,197,0,-1
Town01.xodr,82,1.3180667371315167,1,82,0,1
Town01.xodr,137,0,-1,23,0,1
Town01.xodr,20,0,1,5,0,-1
Town01.xodr,20,0,2,5,0,-2
Town01.xodr,24,0,-1,200,0,-1
Town01.xodr,206,0.22278322363811753,1,206,0,1
Town01.xodr,5,0,-1,207,0,-1
Town01.xodr,179,0,-1,179,0.21640936482128126,-1
Town01.xodr,207,0.22278322363811753,-1,207,11.214369776735168,-1
Town01.xodr,6,0,1,198,18.349277463724608,1
Town01.xodr,207,11.214369776735168,-1,207,21.999984063947025,-1
Town01.xodr,27,18.498707406617047,1,27,0,1
Town01.xodr,27,0,1,25,0,-1
Town01.xodr,1,0,-1,27,18.498707406617047,1
Town01.xodr,29,0,-1,29,18.624630308538848,-1
Town01.xodr,2,0,1,31,0,-1
Town01.xodr,18,0,1,154,18.402479319227517,1
Town01.xodr,37,1.1274226595104437,1,37,0,1
Town01.xodr,37,0,1,1,0,1
Town01.xodr,37,10.973826775343298,1,37,1.1274226595104437,1
Town01.xodr,191,0,-1,9,0,-1
Town01.xodr,1,0,-1,38,0,-1
Town01.xodr,38,0,-1,38,1.1274226595104437,-1
Town01.xodr,38,21.947653550686567,-1,2,0,-1
Town01.xodr,198,0,1,24,0,1
Town01.xodr,44,0,-1,16,0,-1
Town01.xodr,45,0,-1,1,0,-1
Town01.xodr,122,0,1,17,0,-1
Town01.xodr,108,11.057464717343009,-1,108,22.11492943468599,-1
Town01.xodr,50,21.999971059837215,1,50,11.628342301499842,1
Town01.xodr,51,0,-1,51,0.6545154616783222,-1
Town01.xodr,2,0,1,37,21.947653550686567,1
Town01.xodr,51,11.628342301499842,-1,51,21.999971059837215,-1
Town01.xodr,23,0,-1,138,0,-1
Town01.xodr,51,21.999971059837215,-1,0,0,1
Town01.xodr,3,0,1,82,21.947641481097889,1
Town01.xodr,58,0,-1,58,18.262678881620076,-1
Town01.xodr,58,18.262678881620076,-1,0,0,1
Town01.xodr,7,0,1,61,0,-1
Town01.xodr,61,0,-1,19,0,1
Town01.xodr,75,0,-1,75,18.416965897642406,-1
Town01.xodr,67,0.024118579456001044,1,67,0,1
Town01.xodr,67,11.015716358075792,1,67,0.024118579456001044,1
Town01.xodr,68,0.024118579456001044,-1,68,11.015716358075792,-1
Town01.xodr,90,1.3180667371315167,1,90,0,1
Town01.xodr,68,11.015716358075792,-1,68,22.000006535984141,-1
Town01.xodr,23,0,-1,135,11.000035667895645,1
Town01.xodr,170,18.507419019455583,-1,10,0,-1
Town01.xodr,62,0,-1,7,0,-1
Town01.xodr,68,22.000006535984141,-1,6,0,1
Town01.xodr,29,18.624630308538848,-1,1,0,1
Town01.xodr,73,0,1,19,0,1
Town01.xodr,75,18.416965897642406,-1,6,0,1
Town01.xodr,20,0,-3,15,0,3
Town01.xodr,82,0,1,2,0,1
Town01.xodr,82,21.947641481097889,1,82,10.973820740548888,1
Town01.xodr,2,0,-1,83,0,-1
Town01.xodr,83,0,-1,83,1.3180667371315167,-1
Town01.xodr,0,0,-1,50,21.999971059837215,1
Town01.xodr,83,1.3180667371315167,-1,83,10.973820740548888,-1
Town01.xodr,17,0,-1,140,0,-1
Town01.xodr,83,21.947641481097889,-1,3,0,-1
Town01.xodr,2,0,-1,88,0,-1
Town01.xodr,14,0,2,8,0,-2
Town01.xodr,90,0,1,2,0,1
lane_offset_intersection.xodr,9,0,-1,7,0,1
lane_offset_intersection.xodr,14,0,-1,6,0,1
lane_offset_intersection.xodr,3,0,2,1,0,-3
lane_offset_intersection.xodr,1,0,1,3,0,-1
lane_offset_intersection.xodr,3,0,1,1,0,-2
lane_offset_intersection.xodr,6,0,-1,12,0,-1
lane_offset_intersection.xodr,13,0,-1,1,0,1
lane_offset_intersection.xodr,1,0,-2,9,0,-1
lane_offset_intersection.xodr,1,0,2,3,0,-2
lane_offset_intersection.xodr,6,0,-2,11,0,-1
lane_offset_intersection.xodr,10,0,-1,6,0,1
lane_offset_intersection.xodr,11,0,-1,1,0,1
lane_offset_intersection.xodr,1,0,-1,10,0,-1
lane_offset_intersection.xodr,7,0,-1,13,0,-1
lane_offset_intersection.xodr,12,0,-1,7,0,1
lane_offset_intersection.xodr,7,0,-2,14,0,-1
