file,road,id,name,s,t,z_offset,dynamic,orientation,country,type,subtype,value,unit,from_lane,to_lane,x,y,z
signalized.xodr,e,light_e,light e,92,-6,2.5,1,+,DE,1000001,-1,0,,-1,-1,18,6.0000000000000115,2.5
signalized.xodr,n,light_n,light n,92,-6,2.5,1,+,DE,1000001,-1,0,,-1,-1,-6.0000000000000098,18,2.5
signalized.xodr,s,light_s,light s,92,-6,2.5,1,+,DE,1000001,-1,0,,-1,-1,6.0000000000000124,-18,2.5
signalized.xodr,w,light_w,light w,92,-6,2.5,1,+,DE,1000001,-1,0,,-1,-1,-18,-6.0000000000000089,2.5
priority.xodr,s,give_way,give way,97,-6,2.5,0,+,DE,205,-1,0,,-1,-1,6.0000000000000124,-13,2.5
priority.xodr,w,limit,limit 50,20,-6,2.5,0,+,DE,274,55,50,km/h,-1,-1,-90,-5.9999999999999911,2.5
light.xodr,1,light,light,500,-4,2.5,1,+,DE,1000001,-1,0,,-1,-1,500,-4,2.5
crossing.xodr,in_s,give_way,give way,297,-4,2.5,0,+,DE,205,-1,0,,-1,-1,4.0000000000000178,-13,2.5
some_signs.xodr,1,0,de_274-50,0,3.5699999999999998,1.7,0,+,de,101,,0,,-3,-1,0,3.5699999999999998,1.7
some_signs.xodr,1,0,de_274-50,0,3.5699999999999998,1.7,0,+,de,101,,0,,1,3,0,3.5699999999999998,1.7
some_signs.xodr,1,1,de_274-50,0,-3.5699999999999998,1.7,0,+,de,101,,0,,,,0,-3.5699999999999998,1.7
some_signs.xodr,1,10,speed_50_6,500,3.5699999999999998,1.7,0,-,de,,,0,,,,500,3.5699999999999998,1.7
some_signs.xodr,1,11,speed_50_7,500,-3.5699999999999998,1.7,0,-,de,,,0,,,,500,-3.5699999999999998,1.7
some_signs.xodr,1,2,de_274-30,100,3.5699999999999998,1.7,0,+,de,101,,11,,,,100,3.5699999999999998,1.7
some_signs.xodr,1,3,de_274-50,100,-3.5699999999999998,1.7,0,+,de,,,0,,,,100,-3.5699999999999998,1.7
some_signs.xodr,1,4,274-50,100,3.5699999999999998,1.7,0,-,de,110,,0,,,,100,3.5699999999999998,1.7
some_signs.xodr,1,5,274-50,100,-3.5699999999999998,1.7,0,-,de,105,,10,,,,100,-3.5699999999999998,1.7
some_signs.xodr,1,6,274-50,200,3.5699999999999998,1.7,0,+,de,105,,20,,,,200,3.5699999999999998,1.7
some_signs.xodr,1,7,274-50,200,-3.5699999999999998,1.7,0,+,de,,,0,,,,200,-3.5699999999999998,1.7
some_signs.xodr,1,8,274-50,200,3.5699999999999998,1.7,0,-,se,,,0,,,,200,3.5699999999999998,1.7
some_signs.xodr,1,9,274-50,200,-3.5699999999999998,1.7,0,-,de,,,0,,-3,-2,200,-3.5699999999999998,1.7
some_signs.xodr,1,9,274-50,200,-3.5699999999999998,1.7,0,-,de,,,0,,1,2,200,-3.5699999999999998,1.7
some_signs.xodr,1,9,274-50,200,-3.5699999999999998,1.7,0,-,de,,,0,,3,3,200,-3.5699999999999998,1.7
lane_offset_intersection.xodr,1,3,sign_16,28.295339204595706,-5.7133901941696354,2.2000000476837158,0,-,DE,206,,0,,,,-15.664297098544955,13.971168427955085,2.2000000476837158
lane_offset_intersection.xodr,1,4,stop_line_17,23.508931719209357,-1.7606592720156697,0,0,-,DE,294,None,0,,,,-13.582449732326321,8.1231183338738848,0
