permutation,samples,comfortable,min_ttc,ttc_within_bound,min_gap
0,618,true,0.10000000000000001,false,0
1,364,true,0.10000000000000001,false,0
2,329,true,0.10000000000000001,false,0
3,586,true,0.10000000000000001,false,0
4,405,true,0.10000000000000001,false,0
5,394,true,0.10000000000000001,false,0
6,618,true,0.10000000000000001,false,0
7,364,true,0.10000000000000001,false,0
8,329,true,0.10000000000000001,false,0
9,586,true,0.10000000000000001,false,0
10,405,true,0.10000000000000001,false,0
11,394,true,0.10000000000000001,false,0
