million_years,separation_kpc
0,175.389961
10,173.263742
20,170.998435
30,168.695653
40,166.412581
50,164.126115
60,161.836217
70,159.645631
80,157.501
90,155.416646
100,153.288638
110,151.156761
120,149.091587
130,146.989122
140,144.86693
150,142.598666
160,140.225642
170,137.643277
180,135.033295
190,132.51148
200,130.087572
210,127.870299
220,125.526195
230,123.188625
240,120.760565
250,118.300941
260,115.755597
270,113.205935
280,110.592591
290,107.932558
300,105.377493
310,102.859736
320,100.315245
330,97.6887352
340,94.9151838
350,92.0727836
360,89.18301
370,86.4120011
380,83.6198112
390,80.7985651
400,77.9345415
410,75.0383457
420,71.9465152
430,68.7969128
440,65.7130402
450,62.5978865
460,59.4239342
470,56.2335727
480,53.1207465
490,49.9776854
500,46.7171865
510,43.3478557
520,39.8666207
530,36.2882344
540,32.7192714
550,29.0815493
560,25.3982783
570,21.7485427
580,18.5684758
590,16.0902065
600,14.8581329
610,15.3534714
620,17.1405263
630,19.6903151
640,22.245126
650,24.8754693
660,27.3303324
670,29.7059482
680,31.9795469
690,34.024175
700,35.7455234
710,37.2821429
720,38.7799402
730,40.2234811
740,41.4911959
750,42.7951331
760,43.9357017
770,44.9516018
780,45.8659967
790,46.6982533
800,47.4643434
810,48.064655
820,48.526874
830,49.0875439
840,49.5325537
850,49.8073169
860,49.9959999
870,50.0668243
880,50.1904291
890,50.2362862
900,50.2344378
910,50.2190829
920,50.1773192
930,50.0173624
940,49.7077103
950,49.3422095
960,48.7882137
970,48.113882
980,47.3300887
990,46.3636169
1000,45.4680436
1010,44.4545218
1020,43.3901132
1030,42.3052908
1040,41.0562726
1050,39.694799
1060,38.2084675
1070,36.6958991
1080,34.9898441
1090,33.1940153
1100,31.2225381
1110,29.0838386
1120,26.7058251
1130,24.0622423
1140,21.2648721
1150,18.1430937
1160,14.7087985
1170,10.9007102
1180,6.72026663
1190,4.23471881
1200,6.30670305
1210,8.81061496
1220,10.5937258
1230,11.7560037
1240,11.9399303
1250,11.103745
1260,9.50350241
1270,6.42366154
1280,2.90546609
1290,2.40939717
1300,3.73369247
1310,3.45440083
1320,1.21814762
1330,1.60501183
1340,3.84150892
1350,4.30665207
1360,3.23589175
1370,1.81156967
1380,0.936551704
1390,0.502933354
1400,0.546095388
1410,0.970184355
1420,1.30563105
1430,1.46159624
1440,1.32658962
1450,1.0704049
1460,0.92030504
1470,1.05933179
1480,1.15782601
1490,1.30634436
1500,1.61696874
1510,1.75919391
1520,2.04018047
1530,2.38386375
1540,2.73153138
1550,2.78782192
1560,2.97341069
1570,2.94869972
1580,2.80284338
1590,2.65991733
1600,2.33275785
1610,2.98804774
1620,3.55227821
1630,4.01286972
1640,5.34797343
1650,4.70308354
1660,5.12718822
1670,4.21267899
1680,2.83034681
1690,3.55550174
1700,3.84241869
1710,7.30496174
1720,6.06972819
1730,8.39565412
1740,5.76344823
1750,2.45072463
1760,2.35883244
1770,2.90863133
1780,4.01094134
1790,3.97568773
1800,4.98968404
1810,4.59145592
1820,3.46918072
1830,2.9998479
1840,3.01919097
1850,3.65800906
1860,4.64899185
1870,4.85800851
1880,5.22675584
1890,5.57910074
1900,5.66569418
1910,5.49674301
1920,5.24637054
1930,5.30729401
1940,6.14446988
1950,5.19721398
1960,4.5898214
1970,4.8510753
1980,5.36757954
1990,6.32619753
2000,5.43383967
