case,softening,body,x,y,z,vx,vy,vz,m,ax,ay,az
cluster,3.0856775814913674e+18,0,1.066361393972117e+19,2.5352486859480814e+19,1.0196222780726327e+19,-130315.72316043609,90535.58666731177,44637.457236401126,1.6800717938692563e+39,-9.369376493376558e-10,-1.3207174289110497e-09,-1.7147142059022013e-09
cluster,3.0856775814913674e+18,1,1.7931431063174513e+19,1.1249528697419626e+19,9.075980509180411e+18,2842.2241315796787,54671.29866124469,-73645.40870016669,1.6097884616846398e+39,-9.203633745029675e-10,-4.454716269902539e-11,-1.0422651193587354e-09
cluster,3.0856775814913674e+18,2,-1.4876647547406354e+19,1.8478463330876826e+19,1.2256961654574566e+18,-29245.67509650886,-78190.8462356842,-25719.22406188707,1.5416702565824423e+39,8.255746746746183e-10,5.721190114643191e-10,-5.879150013494544e-10
cluster,3.0856775814913674e+18,3,-8.504217062761556e+18,3.993063701107754e+19,3.106426650481336e+19,-271116.24789659685,-188901.32459676728,-17477.209205516196,6.943568699797602e+38,7.220021551294745e-11,-7.477793952020614e-10,-8.391605675630234e-10
cluster,3.0856775814913674e+18,4,6.592334078240805e+18,6.705854105227377e+18,6.534967567674606e+19,-111202.07626922813,-37760.50071269981,204277.16074923304,1.840408416587213e+39,-8.634471666621038e-11,-8.078963682406e-11,-6.762790814869713e-10
cluster,3.0856775814913674e+18,5,2.0459997832494928e+19,-1.5860579378597233e+19,-5.085428607321842e+19,16746.474422274114,10901.408782154753,-122735.20542445741,1.2599497828960843e+39,-2.755038920509528e-10,4.042526850518614e-10,1.2101537539001923e-09
cluster,3.0856775814913674e+18,6,-2.2230356742244977e+18,-2.9151989033562235e+19,-3.032294367354642e+18,9548.302746945434,3558.6237055485713,-50629.16583143148,1.6656194597959715e+39,1.5634299023938758e-11,1.1334663633669588e-09,-1.0401378018126189e-10
cluster,3.0856775814913674e+18,7,2.749853892194923e+19,9.9003442046056e+18,-2.524794669156854e+19,73165.22837854408,-50144.001846705236,87916.06182879853,1.7293285686934798e+39,-1.337369271958305e-09,-6.707993622754652e-10,5.386308972187853e-10
cluster,3.0856775814913674e+18,8,2.821750947703592e+19,-6.190935211425743e+17,-3.8532364558171275e+19,-31389.947196684774,5410.227877154389,27279.133916445375,1.4871684188289555e+39,-7.972947334636189e-10,1.5403695183937323e-10,1.5206278851405377e-09
cluster,3.0856775814913674e+18,9,-3.4169961859854184e+19,6.158535186186647e+18,-1.4402388289756897e+19,23550.56117302252,75951.95224783792,-164878.73663509486,4.682155398049627e+38,3.896989996984965e-10,-2.2957742303298803e-10,2.1989136968407688e-10
cluster,3.0856775814913674e+18,10,3.778865692966395e+19,-9.180719135658402e+18,-2.5019123822424355e+19,75224.38271795928,25344.651620814147,89588.30707775604,1.8436133820633302e+39,-1.056074682945148e-09,6.011480266390894e-10,3.8331010144453226e-10
cluster,3.0856775814913674e+18,11,-4.572413427068865e+19,-3.3945775039222876e+18,-1.375681936944462e+19,77532.3822047574,19363.28483771538,-163084.92324351013,1.6864645649285397e+39,1.5387143092985508e-09,1.699567258234903e-10,2.324087744118951e-10
cluster,3.0856775814913674e+18,12,2.727088016965147e+19,2.0975356749283377e+19,-1.975584600882398e+19,-104.8796567280681,44557.35537761861,46840.43358472779,5.18407663741715e+38,-1.1161087292988347e-09,-1.4531793551361432e-09,3.106296612827763e-10
cluster,3.0856775814913674e+18,13,7.914319498923258e+18,-2.92609679645159e+18,-7.9872167052828e+18,105574.28005332511,-225085.42750785378,-13865.532509133733,8.796364230357373e+38,-2.989612789102306e-10,7.650261172979326e-10,-1.6297571350267046e-10
cluster,3.0856775814913674e+18,14,-4.398167334359154e+19,1.0269555048752112e+19,-2.009643219347581e+19,86244.47963157468,-12559.20840343272,66915.32407894528,8.105061896213375e+38,1.4419314192213971e-09,5.5430804058957875e-11,3.7255272023565206e-10
cluster,3.0856775814913674e+18,15,1.181597228668806e+19,-2.7021930998978605e+19,-4.672699053085685e+19,175338.41175163726,-11129.219318751944,-68856.49476343216,6.6019742692867486e+38,1.0137023630519177e-10,9.235688251252041e-10,8.957066861589789e-10
cluster,3.0856775814913674e+18,16,-5.906336513137458e+18,2.6294362809223836e+19,1.0469143192690949e+18,1374.9583618419497,-71457.9721032964,46956.80987474934,1.0147572724777905e+39,-1.1859913828112163e-11,-1.561573128075945e-09,-5.81956915738633e-10
cluster,3.0856775814913674e+18,17,2.0547201160315195e+19,4.702379819427359e+19,-4.704689526575446e+19,-246622.9231351318,61687.875515431944,254789.78154831263,3.9521872723159006e+38,-1.8820292475182765e-10,-3.4117986087566115e-10,5.002871273665845e-10
cluster,3.0856775814913674e+18,18,-3.85924386420163e+19,1.8173682351612811e+19,-2.594195762718696e+19,-50602.54839367364,-34811.74666837778,53200.208629179855,1.585155818192109e+39,3.4870853189490824e-10,-3.8733414332987447e-10,1.227636428256163e-09
cluster,3.0856775814913674e+18,19,8.57456849916501e+18,-5.447247193555169e+18,-2.606382688271323e+19,-31982.625774322103,-95039.96651679186,651.4985869748843,3.367877721939277e+38,2.550476275085053e-10,9.687190979658662e-10,8.470766278278429e-10
cluster,3.0856775814913674e+18,20,-3.372319654272479e+19,4.495714410576393e+19,-1.6410935628528993e+18,-5390.202547204295,51153.6419917619,-42085.700254887124,1.574611007215374e+39,5.60195307732874e-10,-9.69203240726778e-10,-1.609310693194682e-10
cluster,3.0856775814913674e+18,21,1.311871921413078e+19,8.714442330715524e+18,-3.5772159205917176e+19,83334.25966696619,-59043.4943289043,-105607.8950314186,4.215713253855326e+38,5.452044419882059e-10,-1.0263186767925815e-09,2.5765334427534e-09
cluster,3.0856775814913674e+18,22,6.5921569448465285e+19,-2.7785757361879433e+19,-1.205097013633046e+19,162730.02546230672,-117553.59049207806,16007.589253434076,1.943120916100038e+39,-7.740211563337175e-10,3.657777869216555e-10,2.0898615516348545e-10
cluster,3.0856775814913674e+18,23,-4.83505047782985e+16,2.775771927468219e+19,-7.302667072463033e+18,-62935.49238833419,23151.106405853767,70015.17511506504,5.589079743730727e+38,-2.613345452005792e-10,-1.8329331886907986e-09,1.0250300658503687e-09
cluster,3.0856775814913674e+18,24,6.0864183511490355e+19,6.45423380165265e+18,-1.8279865638566885e+19,-12597.918998664272,-7249.854561981205,10873.738347811868,1.1004310702180462e+39,-1.2146561410286431e-09,-2.9340577558236175e-10,5.027048794033924e-10
cluster,3.0856775814913674e+18,25,5.368027975951118e+18,-5.155704574073545e+19,2.5599674706088473e+19,-57473.926892103234,-117315.86964470247,63775.115964143566,5.7336382887187074e+38,-4.988713922404008e-10,9.920721109638267e-10,3.3496085177620923e-10
cluster,3.0856775814913674e+18,26,1.5213259079546044e+19,4.972856817816533e+18,-2.8765312972972687e+19,287156.73378134985,88025.86206615082,-113929.46703429759,1.6412974083536228e+39,6.372209695713637e-11,1.2079512132334488e-10,1.3860801563629974e-09
cluster,3.0856775814913674e+18,27,2.683899173732903e+18,-4.79739899924671e+19,5.203390664701086e+18,-45907.15557127591,122627.06003162173,96215.46636282469,1.0525977827462921e+39,-5.854447449196101e-12,1.4034675944853897e-09,-3.2709081419939227e-10
cluster,3.0856775814913674e+18,28,1.2868073479469353e+18,-4.990983202071143e+19,3.423985097852102e+19,16810.586912782437,54840.54521869972,-106512.4728803299,1.7401370466702664e+39,1.6685313548962025e-10,6.202909685054451e-10,-8.897348012664015e-10
cluster,3.0856775814913674e+18,29,6.233295101983908e+19,-3.2855401356528927e+19,1.150387263583864e+19,-67330.24283901868,-2356.99368607321,-126563.69792245638,1.921953475799634e+39,-5.860112829428073e-10,3.9278810810693027e-10,-4.4008601267370643e-10
cluster,3.0856775814913674e+18,30,-2.9905754897885524e+19,-9.136191901802065e+18,1.5474146380283185e+19,-64756.06784161285,-23931.242973230215,-56363.98464269645,1.406244135253836e+39,8.7646679303379e-10,5.026596446458729e-10,-1.0329679535031415e-09
cluster,3.0856775814913674e+18,31,-3.611917167308834e+19,-1.351489985846565e+19,-6.384048595537534e+18,-33372.60038041349,5668.995489379499,-29310.22193567212,1.4826271061042074e+39,1.0248098657637057e-09,8.878537115895341e-10,-4.1872008269537105e-10
cluster,3.0856775814913674e+18,32,-9.972784226266829e+18,-4.2165659581005553e+18,-2.0513008650762818e+19,-52651.484011523695,-126449.27908197124,51878.49208779641,1.0060061430684692e+39,5.306184769784667e-10,1.6093727653960126e-10,8.85919185750848e-10
cluster,3.0856775814913674e+18,33,-2.3014723669016125e+19,1.1085131689816414e+19,1.2422116102005637e+19,-40011.4751005071,-201926.58104888018,42051.32872955752,2.3931697090432493e+38,8.79567902925945e-10,-2.905548640603579e-10,-1.2723372621796345e-09
cluster,3.0856775814913674e+18,34,-4.358153053100786e+19,2.376965581406713e+19,-2.163367936585495e+19,-112618.81161533005,9573.071096425678,-17847.043139921505,7.148237838331434e+38,1.5317946450446446e-09,-1.4602990498410305e-09,-2.4054575040035484e-12
cluster,3.0856775814913674e+18,35,-4.954820785095012e+19,5.591957842285156e+19,-1.859610176190229e+19,-153965.9308496411,61884.21885671494,-35480.41301011767,1.425060010504933e+39,5.422363807107975e-10,-6.707104637715509e-10,2.410476134622012e-10
cluster,3.0856775814913674e+18,36,-1.0479221208651477e+19,-1.8433949104310252e+18,7.583757540636834e+18,-74665.28839828983,67873.95958595579,-46990.00990795434,1.0278409416605196e+39,-1.1011211797060463e-11,3.0898681322044997e-10,-9.711360119608294e-10
cluster,3.0856775814913674e+18,37,2.376972170656832e+18,1.3732538958780643e+19,-7.068649888154385e+18,-86251.97870795628,61978.55663086329,-176032.87921227768,1.92252101662687e+39,-1.6343557451111364e-11,-3.090804154237859e-11,4.0253887988693445e-10
cluster,3.0856775814913674e+18,38,1.2195489727460165e+18,-4.1997904724280754e+19,8.638127360400678e+17,-5486.311801846381,89873.97888581683,-91479.03518132915,3.456661768924545e+38,2.2573486906593412e-10,7.431121556769768e-10,3.029991524410988e-10
cluster,3.0856775814913674e+18,39,1.0280912550454014e+19,-7.583248875387496e+19,9.565731023435692e+19,-69865.0730461769,-72983.50527255578,86112.75109037128,1.3294050523997927e+39,-2.005745314360486e-11,1.773477502592441e-10,-2.4213955945962566e-10
cluster,3.0856775814913674e+18,40,-5.490742996597821e+19,1.9344957619748905e+19,2.6394202060760023e+19,-44994.62734759413,-28160.03582920249,48598.459725939196,1.4387656786981248e+39,2.6506044853474663e-09,-9.067378818960437e-10,4.5025566064846044e-10
cluster,3.0856775814913674e+18,41,1.3527257645554465e+19,6.149709457032106e+18,-2.082624441517077e+19,-139210.18738118446,-22560.583076108618,-87542.22582601685,8.240883641337117e+38,1.9347174095638118e-10,-2.2689349948059257e-10,-5.55724479007425e-10
cluster,3.0856775814913674e+18,42,4.4460099140113536e+18,2.4132606780944523e+19,4.153998878693749e+18,26290.111708503067,-78299.89172303806,66804.74265721446,1.0918116154704886e+39,1.1323451077336834e-10,-9.953641623727478e-10,-4.0973136078590735e-10
cluster,3.0856775814913674e+18,43,-9.555959473273416e+18,-1.8291110710466826e+19,-4.870331734852996e+18,-48128.028360112374,-70147.92986535402,13819.364396816674,1.2018879819965352e+39,4.6531294415713e-10,6.292273463451429e-10,-1.494568165836888e-11
cluster,3.0856775814913674e+18,44,4.439899991120207e+19,6222051460924722.0,9.994879277538316e+18,95202.18679998016,-30075.585250454296,143673.65400889385,3.156975275571608e+38,-9.033508812769695e-10,3.545331405489658e-11,-7.985598956374604e-10
cluster,3.0856775814913674e+18,45,-2.494238668208453e+19,-1.1301819289058986e+19,-3.539808846001518e+18,-140131.82000990518,-3509.478412884679,-166748.6590439421,3.033919850218992e+38,3.6971326529006337e-10,9.281467608702222e-10,-6.845527397239196e-11
cluster,3.0856775814913674e+18,46,-2.4993047712786755e+18,-1.9808745593595744e+19,-2.8028385680016732e+19,-38443.047420819676,-22307.946843042646,-104451.09656113604,1.640246770543366e+39,2.3596654754954764e-10,8.832068341308787e-10,9.670377364479492e-10
cluster,3.0856775814913674e+18,47,-5.775617169339167e+18,-1.6069707353780636e+19,2.8981088182631227e+19,113787.0374245525,1602.1203599889625,47359.957205452774,1.686422105564987e+39,1.7023922069011584e-10,3.0682161787230614e-10,-1.0712134630473737e-09
cluster,3.0856775814913674e+18,48,1.966865536041798e+19,-9.437072624130212e+17,1.495530156988673e+19,160035.61315936595,-228085.7756344364,26094.817905342854,1.0561044604414533e+39,-7.328463785960618e-10,6.256339471777819e-10,-1.2179047344191354e-09
cluster,3.0856775814913674e+18,49,1.8273280545001902e+19,-4.052461831344383e+19,-1.528643337784753e+19,20273.375576037382,61350.93864353722,7479.408933657207,7.423045186735467e+38,3.834223693993829e-10,1.5445060069021634e-09,1.0574554628742076e-09
cluster,3.0856775814913674e+18,50,-1.7080219548376328e+19,2.729290742292506e+19,-1.6970040830770266e+17,-168381.43968410575,84366.27082696916,41624.84797134742,1.6897214624430242e+39,1.3292876353090001e-09,-1.8846992778519633e-09,-1.2112302727743117e-10
cluster,3.0856775814913674e+18,51,-1.0387238263127654e+19,2.5554240028749316e+19,-3.274104236156099e+19,56999.98108654594,-49038.03096280569,67435.17049201464,9.897041105680951e+38,2.9294848078778e-10,-6.545607857186929e-10,1.1873814370309195e-09
cluster,3.0856775814913674e+18,52,-2.2710283122511426e+19,-1.5807765640074432e+18,1.2020141755064666e+18,118966.48178406266,71055.80913697816,-121927.75440104588,1.1711377619675699e+39,7.707076214834998e-10,3.157353707154526e-11,-2.951939390173019e-10
cluster,3.0856775814913674e+18,53,2.299105069592335e+19,6.553380240503425e+19,-5.181312723835888e+19,-53635.2299933991,133337.1188087335,-135507.02986066928,1.8897973061759942e+39,-1.6291546766233972e-10,-5.358940648043697e-10,3.548669622718331e-10
cluster,3.0856775814913674e+18,54,1.5955489380733237e+19,3.1424807736703058e+19,-2.0633323890754687e+19,54012.717229206144,11695.526942994706,151874.9034018734,6.466264365117336e+38,-4.107000861345081e-10,-1.4245452104411865e-09,7.227563366894631e-10
cluster,3.0856775814913674e+18,55,3.055583930671952e+19,-2.786730531930503e+19,-5.704765210768778e+18,-9670.445376181882,113910.79474852249,57961.30395204568,7.353815526446392e+38,-9.532375681655848e-10,3.239365308043991e-10,-3.6989481075363865e-10
cluster,3.0856775814913674e+18,56,2.104332639686979e+19,2.3779196532687667e+19,-3.4450270243052733e+18,-25766.231503180887,-19380.324542255563,-169499.24059888834,1.35532642803875e+39,-1.272101349123327e-09,-1.1755778960649791e-09,-1.8246583029331718e-11
cluster,3.0856775814913674e+18,57,7.238318573292867e+18,-2.6707419619044315e+19,2.2909497487018332e+19,-137296.69358236252,-55181.282139295705,-47521.906899155205,8.270223690516573e+38,-4.2939960775219263e-10,6.011616113481558e-10,-7.413330256287656e-10
cluster,3.0856775814913674e+18,58,-4.934566412673115e+19,1.7360955651587291e+19,2.9070886766574313e+19,37772.556403986695,118180.79443533893,-100273.76871264224,1.9735317457809523e+39,-7.681064977140151e-10,3.059377716157066e-10,-1.2839238440815794e-09
cluster,3.0856775814913674e+18,59,2.3661527690820792e+19,-3.689940159041549e+19,-1.0071647816593414e+19,-117884.59974247776,105234.18569495309,86515.02348674212,1.4663117285365007e+39,-7.252474610895653e-10,8.696046240181774e-10,-1.423183721654101e-10
cluster,3.0856775814913674e+18,60,2.78788452997231e+19,3.742225202275637e+18,-4.3010898956851016e+18,5741.666204236571,-20274.935984995605,61500.52638109683,6.930968664901984e+38,-1.1613688886136588e-09,2.1719061295687048e-10,-3.568620743576889e-10
cluster,3.0856775814913674e+18,61,-1.0783429392186059e+19,3.104980796109941e+19,-1.8868165961053893e+19,28693.36430674523,42215.53712523149,147880.70598365302,5.520103746936598e+38,3.5274092353119224e-10,-1.2466169400967036e-09,8.492178279177369e-10
cluster,3.0856775814913674e+18,62,5.378590427271152e+19,5.43588241865827e+18,-5.985502045275988e+18,-67247.27509386108,58629.34190545325,4893.5244442381545,1.4802689349761755e+39,-9.361347589484298e-10,-2.351062789918689e-10,-4.285402448007069e-10
cluster,3.0856775814913674e+18,63,-3.4802961742328766e+19,-1.7141531655979516e+19,-2.0859365710988292e+19,109030.23917272096,137553.82979701785,86855.96238675083,1.8372564473444847e+39,6.982801416239341e-10,9.555292731760925e-10,1.0135608729379502e-09
unsoftened,0.0,0,5.833577819054332e+18,-1.6130331466366941e+19,-1.274580915575752e+19,-244146.73826398555,179970.7382720902,114416.58720372287,5.351029011670268e+38,-2.560755221212002e-10,4.628260908933207e-11,2.798632658636655e-10
unsoftened,0.0,1,2.3877176370759e+19,8.677254594707778e+18,-1.708918710471659e+19,97756.74511260357,-31055.654665915255,-32882.39040579627,1.39659460649521e+39,-1.3305392399069387e-10,1.0861002183810425e-11,1.34168486371524e-10
unsoftened,0.0,2,1.40385392094646e+19,-3.060932043119652e+18,1.682585160121077e+19,-60718.56998706371,12682.784711186987,-89227.40434297903,8.179614291362964e+38,-5.431338315571135e-10,2.0221128999760797e-10,2.6740179436829153e-10
unsoftened,0.0,3,5.802156524300819e+18,1.0200355488941763e+19,1.2666827213668233e+19,-101075.75001533344,78318.09961440774,205670.28183423687,1.4403702238168744e+39,1.2287895771954397e-10,-2.913016905107515e-10,-7.779813473427954e-12
unsoftened,0.0,4,-5.336406193372678e+19,-4.643424557685089e+19,2.59647084327754e+19,12871.565747406847,107834.2440739298,72243.08723074991,1.3521040819214748e+39,9.065827711787229e-11,1.2167901745718059e-10,-6.348636128343874e-11
unsoftened,0.0,5,8.76450137087458e+18,-5.238261620470953e+18,2.6797882041526145e+19,-112971.59617807549,-42185.88261783162,24293.88530987352,1.297129723390668e+39,1.2048636086920194e-10,2.6436680379094006e-10,-6.858542145947503e-10
unsoftened,0.0,6,-2.3588897837330584e+19,-3.3296326678326444e+19,-1.7381226803649872e+19,96927.22011381628,-23500.55068918258,132434.7019236957,3.790570197113539e+38,2.2508251169603678e-10,6.433378831593335e-10,-1.7301217705560183e-10
unsoftened,0.0,7,3.482258559156506e+19,3.193263556392844e+19,-4.377544914651428e+19,15358.188653595775,121575.76351945363,8791.904230952237,1.941306215983705e+39,-8.816920969253438e-11,-8.67855116322827e-11,1.7794659592134005e-10
unsoftened,0.0,8,7.328135306999942e+19,8.45266616842938e+18,-8.651694203803978e+18,-77105.21598195306,64806.46015444852,-19673.006635772374,1.2793925525257228e+39,-1.8565796552574953e-10,7.461666414463552e-12,-2.169281830707091e-12
unsoftened,0.0,9,-5.632273603571313e+19,-3.2479773848801285e+18,2.0052882178746417e+19,-106633.96121649127,-152987.64906705564,-243387.66971489388,1.3088611884861801e+39,1.5861862860906074e-10,-2.0550912892893694e-11,-5.7623702048700015e-11
unsoftened,0.0,10,2.2770251532901586e+18,4.659741618446523e+19,-2.7636248292411565e+17,-74215.54551991772,47792.9298799656,-7658.841293719656,1.9253487003460405e+39,-1.7091224281788027e-11,-1.4623192230672993e-10,3.531757836039097e-11
unsoftened,0.0,11,-2.73103010850985e+19,5.451711331404812e+19,1.0934116879779226e+19,41638.653503017784,-27655.171832101154,-68971.95637660919,1.6028738431147636e+39,1.937714942908744e-10,-1.457429590376788e-10,-6.346945706590703e-11
unsoftened,0.0,12,-3.2284349944617795e+18,-2.3423628823488315e+19,-4.138773651955309e+18,-90560.60167223513,19004.583859111193,112922.763006904,9.9675584941835e+38,5.690264584841226e-11,3.01453405132348e-10,-1.3244403258848538e-10
unsoftened,0.0,13,4.408026210929376e+19,-2.0600599085410763e+19,4.733804712453668e+18,-83638.65253041883,-22223.516635433505,4740.441249412623,4.6363075356919125e+38,-2.0434297095883285e-10,1.7450720135907006e-10,-4.0137174070562345e-11
unsoftened,0.0,14,-2.1688854216697246e+19,-2.0917382213334417e+19,-2.5338348462219665e+19,-157007.9992924429,-26296.96110774594,40115.820961013735,1.9201735343578845e+39,1.4688801417014772e-10,2.8357667180209268e-14,2.4531255056674144e-10
unsoftened,0.0,15,1.996750382396608e+19,7.582548217171978e+19,9.833487769927084e+18,-45633.3893932018,187163.46370160676,-104721.80935940827,1.0161731053743684e+39,-9.318779941006666e-11,-2.1404644857574714e-10,-5.661070355592224e-11
