table,pose,spread,recount
mujoco_contacts.csv,0,3.1225022567582528e-15,0
mujoco_contacts.csv,1,2.3314683517128287e-15,0
mujoco_contacts.csv,2,3.2057689836051395e-15,0
mujoco_contacts.csv,3,3.83026943495679e-15,0
mujoco_contacts.csv,4,9.103828801926284e-15,0
mujoco_contacts.csv,5,8.881784197001252e-15,0
mujoco_contacts.csv,6,2.3314683517128287e-15,0
mujoco_contacts.csv,7,1.1435297153639112e-14,0
mujoco_contacts.csv,8,3.608224830031759e-16,0
mujoco_contacts.csv,9,2.6645352591003757e-15,0
mujoco_contacts.csv,10,1.4432899320127035e-15,0
mujoco_contacts.csv,11,8.049116928532385e-15,0
mujoco_contacts.csv,12,9.992007221626409e-16,0
mujoco_contacts.csv,13,7.605027718682322e-15,0
mujoco_contacts.csv,14,2.1649348980190553e-15,0
mujoco_contacts.csv,15,1.6930901125533637e-14,0
mujoco_contacts.csv,16,3.9968028886505635e-15,0
mujoco_contacts.csv,17,7.216449660063518e-16,0
mujoco_contacts.csv,18,3.3306690738754696e-16,0
mujoco_contacts.csv,19,1.942890293094024e-16,0
mujoco_contacts.csv,20,2.3592239273284576e-16,0
mujoco_contacts.csv,21,1.2476131239225197e-14,0
mujoco_contacts.csv,22,4.996003610813204e-16,0
mujoco_contacts.csv,23,2.2343238370581275e-15,0
mujoco_contacts.csv,24,4.385380947269368e-15,0
mujoco_contacts.csv,25,3.3861802251067274e-15,0
mujoco_contacts.csv,26,1.6653345369377348e-15,0
mujoco_contacts.csv,27,8.042178034628478e-15,0
mujoco_contacts.csv,28,2.220446049250313e-15,0
mujoco_contacts.csv,29,1.4876988529977098e-14,0
mujoco_contacts.csv,30,2.3314683517128287e-15,0
mujoco_contacts.csv,31,3.608224830031759e-16,0
mujoco_contacts.csv,32,4.565792188770956e-15,0
mujoco_contacts.csv,33,1.2212453270876722e-15,0
mujoco_contacts.csv,34,1.049160758270773e-14,0
mujoco_contacts.csv,35,3.885780586188048e-16,0
mujoco_contacts.csv,36,3.0531133177191805e-15,0
mujoco_contacts.csv,37,3.469446951953614e-15,0
mujoco_contacts.csv,38,2.8796409701214998e-15,0
mujoco_contacts.csv,39,7.382983113757291e-14,0
mujoco_contacts.csv,40,3.83026943495679e-15,0
mujoco_contacts.csv,41,1.2989609388114332e-14,0
mujoco_contacts.csv,42,1.4432899320127035e-15,0
mujoco_contacts.csv,43,1.3322676295501878e-15,0
mujoco_contacts.csv,44,2.7478019859472624e-15,0
mujoco_contacts.csv,45,5.218048215738236e-15,0
mujoco_contacts.csv,46,6.661338147750939e-16,0
mujoco_contacts.csv,47,8.090750291955828e-15,0
mujoco_contacts.csv,48,3.3306690738754696e-16,0
mujoco_contacts.csv,49,9.853229343548264e-16,0
mujoco_contacts.csv,50,1.0269562977782698e-15,0
mujoco_contacts.csv,51,8.826273045769994e-15,0
mujoco_contacts.csv,52,1.3461454173580023e-15,0
mujoco_contacts.csv,53,1.5543122344752192e-15,0
mujoco_contacts.csv,54,1.5543122344752192e-15,0
mujoco_contacts.csv,55,1.2323475573339238e-14,0
mujoco_contacts.csv,56,8.881784197001252e-16,0
mujoco_contacts.csv,57,5.35682609381638e-15,0
mujoco_contacts.csv,58,4.996003610813204e-16,0
mujoco_contacts.csv,59,1.0158540675320182e-14,0
mujoco_contacts.csv,60,4.773959005888173e-15,0
mujoco_contacts.csv,61,8.604228440844963e-16,0
mujoco_contacts.csv,62,5.218048215738236e-15,0
mujoco_contacts.csv,63,1.2698175844150228e-15,0
mujoco_contacts.csv,64,1.2689155282075149e-13,0
mujoco_contacts.csv,65,4.829470157119431e-15,0
mujoco_contacts.csv,66,1.7763568394002505e-15,0
mujoco_contacts.csv,67,9.325873406851315e-15,0
mujoco_contacts.csv,68,2.220446049250313e-15,0
mujoco_contacts.csv,69,3.4416913763379853e-15,0
mujoco_contacts.csv,70,2.1649348980190553e-15,0
mujoco_contacts.csv,71,2.0899948438568572e-14,0
mujoco_contacts.csv,72,8.770761894538737e-15,0
mujoco_contacts.csv,73,2.4424906541753444e-15,0
mujoco_contacts.csv,74,4.433953204596719e-15,0
mujoco_contacts.csv,75,8.298917109073045e-15,0
mujoco_contacts.csv,76,1.5959455978986625e-15,0
mujoco_contacts.csv,77,9.769962616701378e-15,0
mujoco_contacts.csv,78,8.881784197001252e-16,0
mujoco_contacts.csv,79,1.0103029524088925e-14,0
mujoco_contacts.csv,80,6.661338147750939e-16,0
mujoco_contacts.csv,81,9.992007221626409e-16,0
mujoco_contacts.csv,82,4.052314039881821e-15,0
mujoco_contacts.csv,83,7.563394355258879e-15,0
mujoco_contacts.csv,84,2.831068712794149e-15,0
mujoco_contacts.csv,85,4.884981308350689e-15,0
mujoco_contacts.csv,86,2.886579864025407e-15,0
mujoco_contacts.csv,87,2.4424906541753444e-15,0
mujoco_contacts.csv,88,2.2690183065776637e-15,0
mujoco_contacts.csv,89,7.771561172376096e-16,0
mujoco_contacts.csv,90,6.439293542825908e-15,0
mujoco_contacts.csv,91,1.6930901125533637e-15,0
mujoco_contacts.csv,92,5.717648576819556e-15,0
mujoco_contacts.csv,93,2.3869795029440866e-15,0
mujoco_contacts.csv,94,1.609823385706477e-15,0
mujoco_contacts.csv,95,6.716849298982197e-15,0
mujoco_contacts.csv,96,2.0095036745715333e-14,0
mujoco_contacts.csv,97,5.329070518200751e-15,0
mujoco_contacts.csv,98,2.6506574712925612e-15,0
mujoco_contacts.csv,99,2.220446049250313e-16,0
mujoco_contacts.csv,100,3.774758283725532e-15,0
mujoco_contacts.csv,101,1.3530843112619095e-14,0
mujoco_contacts.csv,102,1.4682699500667695e-14,0
mujoco_contacts.csv,103,2.7755575615628914e-16,0
mujoco_contacts.csv,104,3.2612801348363973e-15,0
mujoco_contacts.csv,105,3.930189507173054e-14,0
mujoco_contacts.csv,106,4.107825191113079e-15,0
mujoco_contacts.csv,107,1.8283985436795547e-15,0
mujoco_contacts.csv,108,1.687538997430238e-14,0
mujoco_contacts.csv,109,3.885780586188048e-15,0
mujoco_contacts.csv,110,1.5543122344752192e-15,0
mujoco_contacts.csv,111,6.328271240363392e-15,0
mujoco_contacts.csv,112,2.0650148258027912e-14,0
mujoco_contacts.csv,113,1.5404344466674047e-15,0
mujoco_contacts.csv,114,7.216449660063518e-16,0
mujoco_contacts.csv,115,4.440892098500626e-16,0
mujoco_contacts.csv,116,5.800915303666443e-15,0
mujoco_contacts.csv,117,4.884981308350689e-15,0
mujoco_contacts.csv,118,3.5388358909926865e-16,0
mujoco_contacts.csv,119,1.9984014443252818e-15,0
mujoco_contacts.csv,120,3.7990444123892075e-15,0
mujoco_contacts.csv,121,6.536438057480609e-15,0
mujoco_contacts.csv,122,1.6264767310758543e-14,0
mujoco_contacts.csv,123,1.1102230246251565e-15,0
mujoco_contacts.csv,124,1.7763568394002505e-15,0
mujoco_contacts.csv,125,1.9567680809018384e-15,0
mujoco_contacts.csv,126,3.3306690738754696e-15,0
mujoco_contacts.csv,127,4.1244785364824565e-14,0
mujoco_contacts.csv,128,2.4424906541753444e-15,0
mujoco_contacts.csv,129,8.104628079763643e-15,0
mujoco_contacts.csv,130,2.8199664825478976e-14,0
mujoco_contacts.csv,131,1.2212453270876722e-15,0
mujoco_contacts.csv,132,5.800915303666443e-15,0
mujoco_contacts.csv,133,3.6637359812630166e-15,0
mujoco_contacts.csv,134,1.2212453270876722e-15,0
mujoco_contacts.csv,135,1.0269562977782698e-15,0
mujoco_contacts.csv,136,2.1899149160731213e-14,0
mujoco_contacts.csv,137,2.220446049250313e-15,0
mujoco_contacts.csv,138,5.9674487573602164e-15,0
mujoco_contacts.csv,139,3.1086244689504383e-15,0
mujoco_contacts.csv,140,7.771561172376096e-16,0
mujoco_contacts.csv,141,3.6637359812630166e-15,0
mujoco_contacts.csv,142,3.552713678800501e-15,0
mujoco_contacts.csv,143,3.0531133177191805e-16,0
mujoco_contacts.csv,144,2.9976021664879227e-15,0
mujoco_contacts.csv,145,6.661338147750939e-16,0
mujoco_contacts.csv,146,3.635980405647388e-15,0
mujoco_contacts.csv,147,4.440892098500626e-16,0
mujoco_contacts.csv,148,7.258083023486961e-15,0
mujoco_contacts.csv,149,6.865179167606528e-15,0
mujoco_contacts.csv,150,6.2727600891321345e-15,0
mujoco_contacts.csv,151,3.164135620181696e-15,0
mujoco_contacts.csv,152,1.0602629885170245e-14,0
mujoco_contacts.csv,153,7.771561172376096e-16,0
mujoco_contacts.csv,154,2.609024107869118e-15,0
mujoco_contacts.csv,155,1.765254609153999e-14,0
mujoco_contacts.csv,156,6.661338147750939e-16,0
mujoco_contacts.csv,157,5.10702591327572e-15,0
mujoco_contacts.csv,158,2.130240428499519e-15,0
mujoco_contacts.csv,159,2.8310687127941492e-14,0
mujoco_contacts.csv,160,4.440892098500626e-16,0
mujoco_contacts.csv,161,4.996003610813204e-16,0
mujoco_contacts.csv,162,8.049116928532385e-16,0
mujoco_contacts.csv,163,1.1934897514720433e-15,0
mujoco_contacts.csv,164,3.608224830031759e-16,0
mujoco_contacts.csv,165,3.552713678800501e-15,0
mujoco_contacts.csv,166,5.3013149425851225e-15,0
mujoco_contacts.csv,167,1.1102230246251565e-15,0
mujoco_contacts.csv,168,1.6167622796103842e-15,0
mujoco_contacts.csv,169,8.243405957841787e-15,0
mujoco_contacts.csv,170,7.771561172376096e-16,0
mujoco_contacts.csv,171,5.032085859113522e-14,0
mujoco_contacts.csv,172,1.2323475573339238e-14,0
mujoco_contacts.csv,173,7.216449660063518e-16,0
mujoco_contacts.csv,174,1.9984014443252818e-15,0
mujoco_contacts.csv,175,5.770557642836849e-15,0
mujoco_contacts.csv,176,1.4432899320127035e-15,0
mujoco_contacts.csv,177,7.743805596760467e-15,0
mujoco_contacts.csv,178,2.525757381022231e-15,0
mujoco_contacts.csv,179,1.1060596882828122e-14,0
mujoco_contacts.csv,180,6.106226635438361e-16,0
mujoco_contacts.csv,181,1.1102230246251565e-15,0
mujoco_contacts.csv,182,4.884981308350689e-15,0
mujoco_contacts.csv,183,3.6637359812630166e-15,0
mujoco_contacts.csv,184,1.3600232051658168e-14,0
mujoco_contacts.csv,185,1.1157741397482823e-14,0
mujoco_contacts.csv,186,1.4710455076283324e-14,0
mujoco_contacts.csv,187,4.6074255521944e-15,0
mujoco_contacts.csv,188,1.2212453270876722e-15,0
mujoco_contacts.csv,189,2.1316282072803006e-14,0
mujoco_contacts.csv,190,4.85722573273506e-15,0
mujoco_contacts.csv,191,1.3322676295501878e-15,0
mujoco_contacts.csv,192,7.66053886991358e-15,0
mujoco_contacts.csv,193,1.3322676295501878e-15,0
mujoco_contacts.csv,194,7.466249840604178e-15,0
mujoco_contacts.csv,195,3.271688475692258e-15,0
mujoco_contacts.csv,196,2.886579864025407e-15,0
mujoco_contacts.csv,197,8.278100427361323e-15,0
mujoco_contacts.csv,198,5.10702591327572e-15,0
mujoco_contacts.csv,199,5.551115123125783e-15,0
mujoco_contacts.csv,200,2.475797344914099e-14,0
mujoco_contacts.csv,201,6.328271240363392e-15,0
mujoco_contacts.csv,202,1.3877787807814457e-15,0
mujoco_contacts.csv,203,5.551115123125783e-16,0
mujoco_contacts.csv,204,5.440092820663267e-15,0
mujoco_contacts.csv,205,1.2878587085651816e-14,0
mujoco_contacts.csv,206,3.885780586188048e-16,0
mujoco_contacts.csv,207,1.582067810090848e-15,0
mujoco_contacts.csv,208,5.939693181744587e-14,0
mujoco_contacts.csv,209,2.275957200481571e-15,0
mujoco_contacts.csv,210,1.8457457784393227e-15,0
mujoco_contacts.csv,211,2.9976021664879227e-15,0
mujoco_contacts.csv,212,8.18789480661053e-15,0
mujoco_contacts.csv,213,2.7867898960698412e-14,0
mujoco_contacts.csv,214,1.887379141862766e-14,0
mujoco_contacts.csv,215,3.83026943495679e-15,0
mujoco_contacts.csv,216,1.887379141862766e-15,0
mujoco_contacts.csv,217,4.551914400963142e-15,0
mujoco_contacts.csv,218,7.16093850883226e-15,0
mujoco_contacts.csv,219,9.43689570931383e-15,0
mujoco_contacts.csv,220,5.551115123125783e-16,0
mujoco_contacts.csv,221,2.6645352591003757e-15,0
mujoco_contacts.csv,222,6.661338147750939e-16,0
mujoco_contacts.csv,223,7.882583474838611e-15,0
mujoco_contacts.csv,224,7.119305145408816e-15,0
mujoco_contacts.csv,225,5.662137425588298e-15,0
mujoco_contacts.csv,226,9.103828801926284e-15,0
mujoco_contacts.csv,227,5.551115123125783e-16,0
mujoco_contacts.csv,228,1.4377388168895777e-14,0
mujoco_contacts.csv,229,3.608224830031759e-15,0
mujoco_contacts.csv,230,1.1018963519404679e-14,0
mujoco_contacts.csv,231,4.440892098500626e-16,0
mujoco_contacts.csv,232,8.326672684688674e-16,0
mujoco_contacts.csv,233,6.661338147750939e-16,0
mujoco_contacts.csv,234,1.8096635301390052e-14,0
mujoco_contacts.csv,235,8.326672684688674e-16,0
mujoco_contacts.csv,236,7.105427357601002e-15,0
mujoco_contacts.csv,237,3.3306690738754696e-16,0
mujoco_contacts.csv,238,1.8318679906315083e-15,0
mujoco_contacts.csv,239,6.661338147750939e-16,0
mujoco_contacts.csv,240,6.994405055138486e-15,0
mujoco_contacts.csv,241,3.3029134982598407e-15,0
mujoco_contacts.csv,242,7.299716386910404e-15,0
mujoco_contacts.csv,243,8.881784197001252e-16,0
mujoco_contacts.csv,244,9.270362255620057e-15,0
mujoco_contacts.csv,245,1.2108369862318114e-15,0
mujoco_contacts.csv,246,7.771561172376096e-16,0
mujoco_contacts.csv,247,8.604228440844963e-15,0
mujoco_contacts.csv,248,5.14518982974721e-15,0
mujoco_contacts.csv,249,6.5503158452884236e-15,0
mujoco_contacts.csv,250,2.7755575615628914e-16,0
mujoco_contacts.csv,251,3.608224830031759e-16,0
mujoco_contacts.csv,252,1.4988010832439613e-15,0
mujoco_contacts.csv,253,1.1657341758564144e-15,0
mujoco_contacts.csv,254,2.1371793224034263e-14,0
mujoco_contacts.csv,255,7.216449660063518e-16,0
mujoco_contacts.csv,256,3.3306690738754696e-15,0
mujoco_contacts.csv,257,1.5543122344752192e-15,0
mujoco_contacts.csv,258,2.42861286636753e-15,0
mujoco_contacts.csv,259,8.507083926190262e-15,0
mujoco_contacts.csv,260,6.661338147750939e-16,0
mujoco_contacts.csv,261,4.884981308350689e-15,0
mujoco_contacts.csv,262,2.3869795029440866e-15,0
mujoco_contacts.csv,263,1.9984014443252818e-15,0
mujoco_contacts.csv,264,7.16093850883226e-15,0
mujoco_contacts.csv,265,8.604228440844963e-16,0
mujoco_contacts.csv,266,9.992007221626409e-16,0
mujoco_contacts.csv,267,2.7200464103316335e-15,0
mujoco_contacts.csv,268,8.881784197001252e-16,0
mujoco_contacts.csv,269,2.7755575615628914e-16,0
mujoco_contacts.csv,270,7.993605777301127e-15,0
mujoco_contacts.csv,271,1.27675647831893e-15,0
mujoco_contacts.csv,272,6.63358257213531e-15,0
mujoco_contacts.csv,273,2.2093438190040615e-14,0
mujoco_contacts.csv,274,4.285460875053104e-14,0
mujoco_contacts.csv,275,2.9976021664879227e-15,0
mujoco_contacts.csv,276,9.2148511043888e-15,0
mujoco_contacts.csv,277,5.551115123125783e-16,0
mujoco_contacts.csv,278,4.85722573273506e-15,0
mujoco_contacts.csv,279,2.7478019859472624e-15,0
mujoco_contacts.csv,280,1.1379786002407855e-15,0
mujoco_contacts.csv,281,4.107825191113079e-15,0
mujoco_contacts.csv,282,4.3298697960381105e-15,0
mujoco_contacts.csv,283,1.942890293094024e-15,0
mujoco_contacts.csv,284,2.3869795029440866e-15,0
mujoco_contacts.csv,285,2.3314683517128287e-15,0
mujoco_contacts.csv,286,5.2735593669694936e-15,0
mujoco_contacts.csv,287,3.885780586188048e-16,0
mujoco_contacts.csv,288,4.9960036108132044e-15,0
mujoco_contacts.csv,289,6.106226635438361e-16,0
mujoco_contacts.csv,290,2.7755575615628914e-16,0
mujoco_contacts.csv,291,2.942091015256665e-15,0
mujoco_contacts.csv,292,6.661338147750939e-15,0
mujoco_contacts.csv,293,8.215650382226158e-15,0
mujoco_contacts.csv,294,6.994405055138486e-15,0
mujoco_contacts.csv,295,3.1363800445660672e-15,0
mujoco_contacts.csv,296,5.551115123125783e-16,0
mujoco_contacts.csv,297,1.0547118733938987e-14,0
mujoco_contacts.csv,298,1.3211653993039363e-14,0
mujoco_contacts.csv,299,1.2989609388114332e-14,0
mujoco_contacts.csv,300,7.216449660063518e-15,0
mujoco_contacts.csv,301,2.220446049250313e-15,0
mujoco_contacts.csv,302,1.4432899320127035e-15,0
mujoco_contacts.csv,303,1.0103029524088925e-14,0
mujoco_contacts.csv,304,5.134781488891349e-16,0
mujoco_contacts.csv,305,2.7755575615628914e-16,0
mujoco_contacts.csv,306,1.2156942119645464e-14,0
mujoco_contacts.csv,307,5.551115123125783e-15,0
mujoco_contacts.csv,308,1.5681900222830336e-15,0
mujoco_contacts.csv,309,2.4424906541753444e-15,0
mujoco_contacts.csv,310,3.0531133177191805e-15,0
mujoco_contacts.csv,311,6.647460359943125e-15,0
mujoco_contacts.csv,312,3.219646771412954e-15,0
mujoco_contacts.csv,313,1.1102230246251565e-15,0
mujoco_contacts.csv,314,2.9559688030644793e-15,0
mujoco_contacts.csv,315,8.31279489688086e-15,0
mujoco_contacts.csv,316,5.717648576819556e-15,0
mujoco_contacts.csv,317,9.992007221626409e-16,0
mujoco_contacts.csv,318,1.2351231148954867e-15,0
mujoco_contacts.csv,319,2.55351295663786e-15,0
mujoco_contacts.csv,320,7.93809462606987e-15,0
mujoco_contacts.csv,321,1.3322676295501878e-15,0
mujoco_contacts.csv,322,1.7819079545233762e-14,0
mujoco_contacts.csv,323,5.10702591327572e-15,0
mujoco_contacts.csv,324,1.186550857568136e-15,0
mujoco_contacts.csv,325,6.106226635438361e-16,0
mujoco_contacts.csv,326,1.799949078673535e-14,0
mujoco_contacts.csv,327,7.771561172376096e-16,0
mujoco_contacts.csv,328,1.6930901125533637e-14,0
mujoco_contacts.csv,329,6.5503158452884236e-15,0
mujoco_contacts.csv,330,9.853229343548264e-16,0
mujoco_contacts.csv,331,1.684763439868675e-13,0
mujoco_contacts.csv,332,7.771561172376096e-16,0
mujoco_contacts.csv,333,1.7208456881689926e-15,0
mujoco_contacts.csv,334,1.2101430968414206e-14,0
mujoco_contacts.csv,335,3.885780586188048e-15,0
mujoco_contacts.csv,336,1.3322676295501878e-15,0
mujoco_contacts.csv,337,5.620504062164855e-15,0
mujoco_contacts.csv,338,3.608224830031759e-15,0
mujoco_contacts.csv,339,6.106226635438361e-15,0
mujoco_contacts.csv,340,1.5265566588595902e-15,0
mujoco_contacts.csv,341,4.440892098500626e-16,0
mujoco_contacts.csv,342,1.354472090042691e-14,0
mujoco_contacts.csv,343,3.4416913763379853e-15,0
mujoco_contacts.csv,344,7.771561172376096e-16,0
mujoco_contacts.csv,345,1.2212453270876722e-15,0
mujoco_contacts.csv,346,7.771561172376096e-16,0
mujoco_contacts.csv,347,5.040412531798211e-14,0
mujoco_contacts.csv,348,6.716849298982197e-15,0
mujoco_contacts.csv,349,9.547918011776346e-15,0
mujoco_contacts.csv,350,4.829470157119431e-14,0
mujoco_contacts.csv,351,1.7583157152500917e-14,0
mujoco_contacts.csv,352,2.6367796834847468e-15,0
mujoco_contacts.csv,353,9.145462165349727e-15,0
mujoco_contacts.csv,354,5.2735593669694936e-15,0
mujoco_contacts.csv,355,1.9012569296705806e-14,0
mujoco_contacts.csv,356,8.965050923848139e-15,0
mujoco_contacts.csv,357,1.1379786002407855e-15,0
mujoco_contacts.csv,358,1.1601830607332886e-14,0
mujoco_contacts.csv,359,2.6645352591003757e-15,0
mujoco_contacts.csv,360,3.3029134982598407e-15,0
mujoco_contacts.csv,361,5.551115123125783e-16,0
mujoco_contacts.csv,362,8.086586955613484e-14,0
mujoco_contacts.csv,363,1.2323475573339238e-14,0
mujoco_contacts.csv,364,8.43769498715119e-15,0
mujoco_contacts.csv,365,1.2212453270876722e-15,0
mujoco_contacts.csv,366,3.164135620181696e-15,0
mujoco_contacts.csv,367,8.278100427361323e-15,0
mujoco_contacts.csv,368,5.051514762044462e-15,0
mujoco_contacts.csv,369,2.959438250016433e-14,0
mujoco_contacts.csv,370,4.9960036108132044e-15,0
mujoco_contacts.csv,371,7.216449660063518e-15,0
mujoco_contacts.csv,372,9.992007221626409e-16,0
mujoco_contacts.csv,373,4.218847493575595e-15,0
mujoco_contacts.csv,374,2.6645352591003757e-15,0
mujoco_contacts.csv,375,1.942890293094024e-15,0
mujoco_contacts.csv,376,6.661338147750939e-15,0
mujoco_contacts.csv,377,9.908740494779522e-15,0
mujoco_contacts.csv,378,5.551115123125783e-16,0
mujoco_contacts.csv,379,3.3653635433950058e-15,0
mujoco_contacts.csv,380,4.472117121068209e-15,0
mujoco_contacts.csv,381,5.551115123125783e-16,0
mujoco_contacts.csv,382,7.494005416219807e-15,0
mujoco_contacts.csv,383,1.942890293094024e-15,0
mujoco_contacts.csv,384,1.0103029524088925e-14,0
mujoco_contacts.csv,385,1.5654144647214707e-13,0
mujoco_contacts.csv,386,7.549516567451064e-15,0
mujoco_contacts.csv,387,2.0317081350640365e-14,0
mujoco_contacts.csv,388,1.3322676295501878e-15,0
mujoco_contacts.csv,389,4.551914400963142e-15,0
mujoco_contacts.csv,390,1.2212453270876722e-15,0
mujoco_contacts.csv,391,1.1823875212257917e-14,0
mujoco_contacts.csv,392,3.4416913763379853e-15,0
mujoco_contacts.csv,393,9.228728892196614e-15,0
mujoco_contacts.csv,394,5.88418203051333e-15,0
mujoco_contacts.csv,395,5.495603971894525e-14,0
mujoco_contacts.csv,396,4.524158825347513e-15,0
mujoco_contacts.csv,397,2.7535612678875054e-13,0
mujoco_contacts.csv,398,9.992007221626409e-16,0
mujoco_contacts.csv,399,5.495603971894525e-15,0
mujoco_convex.csv,0,5.6141757909244916e-12,0
mujoco_convex.csv,1,2.0294876890147862e-13,0
mujoco_convex.csv,2,1.6649449889910573e-05,0
mujoco_convex.csv,3,0.001285171537411256,0
mujoco_convex.csv,4,1.1102230246251565e-16,0
mujoco_convex.csv,5,1.887379141862766e-15,0
mujoco_convex.csv,6,1.0198800621030735e-05,0
mujoco_convex.csv,7,9.632765499589802e-06,0
mujoco_convex.csv,8,1.7208456881689926e-15,0
mujoco_convex.csv,9,6.175615574477433e-16,0
mujoco_convex.csv,10,6.788392668712409e-06,0
mujoco_convex.csv,11,0.009738527136186004,0
mujoco_convex.csv,12,1.438849039914203e-13,0
mujoco_convex.csv,13,2.7755575615628914e-16,0
mujoco_convex.csv,14,8.282263763703668e-14,0
mujoco_convex.csv,15,9.2148511043888e-15,0
mujoco_convex.csv,16,3.885780586188048e-16,0
mujoco_convex.csv,17,6.661338147750939e-16,0
mujoco_convex.csv,18,1.0103029524088925e-14,0
mujoco_convex.csv,19,1.5959455978986625e-16,0
mujoco_convex.csv,20,0.009722598094864698,0
mujoco_convex.csv,21,0.010184926577924802,0
mujoco_convex.csv,22,3.3306690738754696e-16,0
mujoco_convex.csv,23,4.940182296464535e-06,0
mujoco_convex.csv,24,4.996003610813204e-16,0
mujoco_convex.csv,25,3.344941925945838e-06,0
mujoco_convex.csv,26,2.7755575615628914e-16,0
mujoco_convex.csv,27,0.0011820654137246756,0
mujoco_convex.csv,28,7.771561172376096e-16,0
mujoco_convex.csv,29,4.390131544240727e-06,0
mujoco_convex.csv,30,0.005762470865033342,0
mujoco_convex.csv,31,1.6700474336772686e-10,0
mujoco_convex.csv,32,2.220446049250313e-16,0
mujoco_convex.csv,33,7.846427383502441e-06,0
mujoco_convex.csv,34,0.0021084249350037387,0
mujoco_convex.csv,35,3.3306690738754696e-16,0
mujoco_convex.csv,36,2.636779683484747e-16,0
mujoco_convex.csv,37,3.599957075578475e-06,0
mujoco_convex.csv,38,1.6653345369377348e-16,0
mujoco_convex.csv,39,1.0935696792557792e-14,0
mujoco_convex.csv,40,1.2212453270876722e-15,0
mujoco_convex.csv,41,5.412337245047638e-15,0
mujoco_convex.csv,42,1.4577573412111189e-05,0
mujoco_convex.csv,43,4.98212582300539e-15,0
mujoco_convex.csv,44,0.0,0
mujoco_convex.csv,45,1.7106557345492046e-05,0
mujoco_convex.csv,46,5.551115123125783e-16,0
mujoco_convex.csv,47,0.0020768203875857257,0
mujoco_convex.csv,48,3.3306690738754696e-16,0
mujoco_convex.csv,49,2.7755575615628914e-16,0
mujoco_convex.csv,50,0.0053673656488794075,0
mujoco_convex.csv,51,2.1094237467877974e-15,0
mujoco_convex.csv,52,3.885780586188048e-16,0
mujoco_convex.csv,53,0.000601383228831881,0
mujoco_convex.csv,54,2.1094237467877974e-15,0
mujoco_convex.csv,55,1.942890293094024e-15,0
mujoco_convex.csv,56,1.2212453270876722e-15,0
mujoco_convex.csv,57,2.1816604078850332e-11,0
mujoco_convex.csv,58,5.134781488891349e-16,0
mujoco_convex.csv,59,3.47816772746784e-05,0
mujoco_convex.csv,60,1.9861261540410347e-05,0
mujoco_convex.csv,61,1.8041124150158794e-16,0
mujoco_convex.csv,62,0.003192663833097853,0
mujoco_convex.csv,63,3.611033653302953e-06,0
mujoco_convex.csv,64,1.0436096431476471e-14,0
mujoco_convex.csv,65,0.0002791931168042161,0
mujoco_convex.csv,66,0.0012211008556543002,0
mujoco_convex.csv,67,1.8041124150158794e-16,0
mujoco_convex.csv,68,1.4432899320127035e-15,0
mujoco_convex.csv,69,1.5543122344752192e-15,0
mujoco_convex.csv,70,7.9562089062013e-06,0
mujoco_convex.csv,71,2.7755575615628914e-16,0
mujoco_convex.csv,72,7.30338868237812e-06,0
mujoco_convex.csv,73,2.2620794126737565e-15,0
mujoco_convex.csv,74,4.9960036108132044e-15,0
mujoco_convex.csv,75,9.992007221626409e-16,0
mujoco_convex.csv,76,3.3306690738754696e-16,0
mujoco_convex.csv,77,9.298117831235686e-16,0
mujoco_convex.csv,78,0.001225983886745441,0
mujoco_convex.csv,79,3.302913498259841e-14,1
mujoco_convex.csv,80,4.440892098500626e-16,0
mujoco_convex.csv,81,1.0325074129013956e-14,0
mujoco_convex.csv,82,9.08995101411847e-16,0
mujoco_convex.csv,83,0.0018347110530692046,0
mujoco_convex.csv,84,5.417888360170764e-14,0
mujoco_convex.csv,85,7.771561172376096e-16,0
mujoco_convex.csv,86,2.7755575615628914e-16,0
mujoco_convex.csv,87,3.0086967810233345e-05,0
mujoco_convex.csv,88,1.75470749042006e-13,0
mujoco_convex.csv,89,7.87018298663289e-06,0
mujoco_convex.csv,90,6.386391081386611e-06,0
mujoco_convex.csv,91,1.3322676295501878e-15,0
mujoco_convex.csv,92,0.0015758755383684653,0
mujoco_convex.csv,93,0.002404481026395011,0
mujoco_convex.csv,94,0.032855813973311665,0
mujoco_convex.csv,95,0.00219094516814404,0
mujoco_convex.csv,96,2.524196129893852e-14,0
mujoco_convex.csv,97,2.040034807748725e-15,0
mujoco_convex.csv,98,0.0,0
mujoco_convex.csv,99,1.8279420294781135e-07,0
mujoco_convex.csv,100,1.3100631690576847e-13,0
mujoco_convex.csv,101,0.0,0
mujoco_convex.csv,102,7.077671781985373e-16,0
mujoco_convex.csv,103,0.004212449391122729,0
mujoco_convex.csv,104,5.134781488891349e-16,0
mujoco_convex.csv,105,1.8735013540549517e-16,0
mujoco_convex.csv,106,1.824929096727601e-15,0
mujoco_convex.csv,107,0.0,0
mujoco_convex.csv,108,3.3306690738754696e-16,0
mujoco_convex.csv,109,1.6653345369377348e-16,0
mujoco_convex.csv,110,3.5915714846623814e-14,0
mujoco_convex.csv,111,1.2545520178264269e-14,0
mujoco_convex.csv,112,0.0020984305278884396,0
mujoco_convex.csv,113,7.993605777301127e-15,0
mujoco_convex.csv,114,8.023717065430702e-06,0
mujoco_convex.csv,115,0.0025392932291125048,0
mujoco_convex.csv,116,0.0036048897660717616,0
mujoco_convex.csv,117,2.7755575615628914e-16,0
mujoco_convex.csv,118,6.001648327536024e-06,0
mujoco_convex.csv,119,1.6786572132332367e-13,1
mujoco_convex.csv,120,1.942890293094024e-16,0
mujoco_convex.csv,121,1.5284301602136452e-13,0
mujoco_convex.csv,122,3.3306690738754696e-16,0
mujoco_convex.csv,123,2.1411393917425414e-05,0
mujoco_convex.csv,124,8.042271303965176e-06,0
mujoco_convex.csv,125,0.007698884879621781,0
mujoco_convex.csv,126,0.003304978154404198,0
mujoco_convex.csv,127,4.440892098500626e-16,0
mujoco_convex.csv,128,1.6653345369377348e-16,0
mujoco_convex.csv,129,1.1712852909795402e-14,0
mujoco_convex.csv,130,6.106226635438361e-16,0
mujoco_convex.csv,131,1.6653345369377348e-16,0
mujoco_convex.csv,132,5.684341886080802e-14,0
mujoco_convex.csv,133,0.0015133139840629029,0
mujoco_convex.csv,134,3.160810774283096e-06,0
mujoco_convex.csv,135,4.246603069191224e-15,0
mujoco_convex.csv,136,3.4096416755557968e-06,0
mujoco_convex.csv,137,0.002085567226476348,0
mujoco_convex.csv,138,7.338574192772285e-14,0
mujoco_convex.csv,139,3.3306690738754696e-16,0
mujoco_convex.csv,140,2.7801656419745857e-05,0
mujoco_convex.csv,141,0.001417915832857497,0
mujoco_convex.csv,142,0.010508155278848061,0
mujoco_convex.csv,143,1.366059175500478e-11,0
mujoco_convex.csv,144,5.62351469873823e-06,0
mujoco_convex.csv,145,1.1379786002407855e-15,0
mujoco_convex.csv,146,3.497202527569243e-15,0
mujoco_convex.csv,147,0.0015610981879164987,0
mujoco_convex.csv,148,3.497202527569243e-15,0
mujoco_convex.csv,149,3.841806984666851e-05,0
mujoco_convex.csv,150,1.9984014443252818e-15,0
mujoco_convex.csv,151,0.003239821058138498,0
mujoco_convex.csv,152,2.398081733190338e-14,0
mujoco_convex.csv,153,5.162537064506978e-14,0
mujoco_convex.csv,154,2.525757381022231e-15,0
mujoco_convex.csv,155,1.6653345369377348e-16,0
mujoco_convex.csv,156,1.0772672135117567e-05,0
mujoco_convex.csv,157,3.7365672621997303e-16,0
mujoco_convex.csv,158,5.772049505026189e-13,0
mujoco_convex.csv,159,5.359577723046405e-06,0
mujoco_convex.csv,160,0.001242982347938404,0
mujoco_convex.csv,161,0.0014105500370417967,0
mujoco_convex.csv,162,1.6693085730823398e-05,0
mujoco_convex.csv,163,2.6763011508834644e-05,0
mujoco_convex.csv,164,0.0,0
mujoco_convex.csv,165,6.86671048555354e-06,0
mujoco_convex.csv,166,1.2545520178264269e-14,0
mujoco_convex.csv,167,4.013456234019941e-14,0
mujoco_convex.csv,168,1.942890293094024e-16,0
mujoco_convex.csv,169,5.551115123125783e-16,0
mujoco_convex.csv,170,3.3306690738754696e-16,0
mujoco_convex.csv,171,0.0015416304576484352,0
mujoco_convex.csv,172,0.0,0
mujoco_convex.csv,173,0.0010259941814379503,0
mujoco_convex.csv,174,2.7755575615628914e-16,0
mujoco_convex.csv,175,9.43689570931383e-15,0
mujoco_convex.csv,176,0.0022147644859285,0
mujoco_convex.csv,177,0.0,0
mujoco_convex.csv,178,2.248201624865942e-15,0
mujoco_convex.csv,179,7.771561172376096e-16,0
mujoco_convex.csv,180,0.00555322340397435,0
mujoco_convex.csv,181,8.881784197001252e-16,0
mujoco_convex.csv,182,0.0,0
mujoco_convex.csv,183,1.5493560714952004e-06,0
mujoco_convex.csv,184,2.7755575615628914e-16,0
mujoco_convex.csv,185,1.00288886908384e-05,0
mujoco_convex.csv,186,0.0026165037133953906,0
mujoco_convex.csv,187,4.274358644806853e-15,0
mujoco_convex.csv,188,3.3306690738754696e-16,0
mujoco_convex.csv,189,1.1109169140155473e-14,0
mujoco_convex.csv,190,0.0003164498107633869,0
mujoco_convex.csv,191,8.280760200157777e-05,0
mujoco_convex.csv,192,1.6653345369377348e-16,0
mujoco_convex.csv,193,9.880984919163893e-15,0
mujoco_convex.csv,194,2.1804780203638074e-13,0
mujoco_convex.csv,195,6.037789254564885e-06,0
mujoco_convex.csv,196,7.759071163349063e-14,0
mujoco_convex.csv,197,2.220446049250313e-16,0
mujoco_convex.csv,198,6.38378239159465e-16,0
mujoco_convex.csv,199,1.5917423434319566e-05,0
mujoco_convex.csv,200,1.1102230246251565e-15,0
mujoco_convex.csv,201,2.220446049250313e-15,0
mujoco_convex.csv,202,0.002354825561175722,0
mujoco_convex.csv,203,3.885780586188048e-16,0
mujoco_convex.csv,204,2.220446049250313e-16,0
mujoco_convex.csv,205,2.7755575615628914e-16,0
mujoco_convex.csv,206,0.0001884446052555222,0
mujoco_convex.csv,207,1.8041124150158794e-16,0
mujoco_convex.csv,208,2.7755575615628914e-16,0
mujoco_convex.csv,209,4.163336342344337e-17,0
mujoco_convex.csv,210,0.0013918447828481506,0
mujoco_convex.csv,211,5.9396931817445875e-15,0
mujoco_convex.csv,212,1.884933320539517e-10,0
mujoco_convex.csv,213,1.124100812432971e-15,0
mujoco_convex.csv,214,3.4920510927349824e-11,0
mujoco_convex.csv,215,0.025062806268011467,0
mujoco_convex.csv,216,5.900835375882707e-14,1
mujoco_convex.csv,217,0.0016029430904846986,0
mujoco_convex.csv,218,5.474731779031572e-11,0
mujoco_convex.csv,219,2.220446049250313e-16,0
mujoco_convex.csv,220,1.942890293094024e-16,0
mujoco_convex.csv,221,3.885780586188048e-16,0
mujoco_convex.csv,222,2.7755575615628914e-16,0
mujoco_convex.csv,223,3.4561706407920667e-06,0
mujoco_convex.csv,224,1.0530256946861272e-05,0
mujoco_convex.csv,225,1.1551537504317366e-11,0
mujoco_convex.csv,226,5.029310301551959e-14,0
mujoco_convex.csv,227,0.0,0
mujoco_convex.csv,228,0.0,0
mujoco_convex.csv,229,0.0022369634071177924,0
mujoco_convex.csv,230,4.107825191113079e-15,0
mujoco_convex.csv,231,0.0009040958094577167,0
mujoco_convex.csv,232,1.179769587189572e-05,0
mujoco_convex.csv,233,0.0001390583194072481,0
mujoco_convex.csv,234,6.661338147750939e-16,0
mujoco_convex.csv,235,3.3306690738754696e-16,0
mujoco_convex.csv,236,1.4158061291791313e-05,0
mujoco_convex.csv,237,1.1796119636642288e-16,0
mujoco_convex.csv,238,1.582067810090848e-15,0
mujoco_convex.csv,239,4.996003610813204e-16,0
mujoco_convex.csv,240,0.0022488767547697575,0
mujoco_convex.csv,241,3.0531133177191805e-16,0
mujoco_convex.csv,242,6.106226635438361e-16,0
mujoco_convex.csv,243,2.043432090204078e-11,0
mujoco_convex.csv,244,2.095545958979983e-15,0
mujoco_convex.csv,245,2.5884849819135525e-13,0
mujoco_convex.csv,246,1.0627176418420703e-05,0
mujoco_convex.csv,247,0.004563214525242609,0
mujoco_convex.csv,248,6.513078862027677e-06,0
mujoco_convex.csv,249,0.0,0
mujoco_convex.csv,250,2.7755575615628914e-16,0
mujoco_convex.csv,251,3.122502256758253e-16,0
mujoco_convex.csv,252,2.1539281261265253e-05,0
mujoco_convex.csv,253,7.808483692757495e-06,0
mujoco_convex.csv,254,2.220446049250313e-15,0
mujoco_convex.csv,255,4.440892098500626e-16,0
mujoco_convex.csv,256,4.829470157119431e-15,0
mujoco_convex.csv,257,1.1102230246251565e-15,0
mujoco_convex.csv,258,0.005450866608699756,0
mujoco_convex.csv,259,1.27675647831893e-15,0
mujoco_convex.csv,260,6.661338147750939e-16,0
mujoco_convex.csv,261,2.498001805406602e-16,0
mujoco_convex.csv,262,0.008371191521663008,0
mujoco_convex.csv,263,5.4262150328554526e-15,0
mujoco_convex.csv,264,1.0269562977782698e-15,0
mujoco_convex.csv,265,2.2596051995282807e-05,0
mujoco_convex.csv,266,4.163336342344337e-16,0
mujoco_convex.csv,267,0.0006051085126824729,0
mujoco_convex.csv,268,3.3306690738754696e-15,0
mujoco_convex.csv,269,8.396061623727746e-16,0
mujoco_convex.csv,270,5.129230373768223e-14,0
mujoco_convex.csv,271,1.7763568394002505e-15,0
mujoco_convex.csv,272,1.9984014443252818e-15,0
mujoco_convex.csv,273,0.01616929319312177,0
mujoco_convex.csv,274,0.0,0
mujoco_convex.csv,275,0.001760327469709444,0
mujoco_convex.csv,276,2.1152524176670795e-13,0
mujoco_convex.csv,277,1.6653345369377348e-16,0
mujoco_convex.csv,278,9.470230182329065e-06,0
mujoco_convex.csv,279,0.01014103421684004,0
mujoco_convex.csv,280,2.0683454948766666e-13,0
mujoco_convex.csv,281,4.389244651077651e-06,0
mujoco_convex.csv,282,8.881784197001252e-16,0
mujoco_convex.csv,283,0.0020711837655954524,0
mujoco_convex.csv,284,3.885780586188048e-16,0
mujoco_convex.csv,285,5.551115123125783e-16,0
mujoco_convex.csv,286,7.757128273055969e-13,0
mujoco_convex.csv,287,5.551115123125783e-16,0
mujoco_convex.csv,288,0.015408253841271896,0
mujoco_convex.csv,289,1.0705321972021703e-05,0
mujoco_convex.csv,290,8.881784197001252e-16,0
mujoco_convex.csv,291,5.28926166742244e-05,0
mujoco_convex.csv,292,4.152928001488476e-15,0
mujoco_convex.csv,293,0.00026158660059989736,0
mujoco_convex.csv,294,9.745529726309932e-06,0
mujoco_convex.csv,295,4.318767565791859e-14,0
mujoco_convex.csv,296,0.001029209781596055,0
mujoco_convex.csv,297,8.986469709780509e-06,0
mujoco_convex.csv,298,1.9984014443252818e-15,0
mujoco_convex.csv,299,4.1744385725905886e-14,0
mujoco_convex.csv,300,2.1198320876436583e-14,0
mujoco_convex.csv,301,6.245004513516506e-16,0
mujoco_convex.csv,302,2.4287096742070524e-05,0
mujoco_convex.csv,303,0.0015452757246339766,0
mujoco_convex.csv,304,4.362548268072378e-06,0
mujoco_convex.csv,305,1.1879386363489175e-14,0
mujoco_convex.csv,306,0.0,0
mujoco_convex.csv,307,0.006802719081299813,0
mujoco_convex.csv,308,3.4416913763379853e-15,0
mujoco_convex.csv,309,3.3306690738754696e-16,0
mujoco_convex.csv,310,0.0002906507191787755,0
mujoco_convex.csv,311,9.447997939560082e-14,0
mujoco_convex.csv,312,6.661338147750939e-16,0
mujoco_convex.csv,313,6.661338147750939e-16,0
mujoco_convex.csv,314,2.8553936992636864e-11,0
mujoco_convex.csv,315,1.0547118733938987e-15,0
mujoco_convex.csv,316,1.2848222197298087e-05,0
mujoco_convex.csv,317,0.0031059403099284455,0
mujoco_convex.csv,318,8.243405957841787e-14,0
mujoco_convex.csv,319,6.661338147750939e-16,0
mujoco_convex.csv,320,7.877989274041042e-06,0
mujoco_convex.csv,321,0.0077992748194994355,0
mujoco_convex.csv,322,1.1102230246251565e-15,0
mujoco_convex.csv,323,3.4416913763379853e-15,0
mujoco_convex.csv,324,8.881784197001252e-16,0
mujoco_convex.csv,325,0.0005560509381076217,0
mujoco_convex.csv,326,0.0016679637102671174,0
mujoco_convex.csv,327,3.524958103184872e-14,0
mujoco_convex.csv,328,3.0531133177191805e-16,0
mujoco_convex.csv,329,0.007890734796300647,0
mujoco_convex.csv,330,9.575673587391975e-16,0
mujoco_convex.csv,331,1.6653345369377348e-16,0
mujoco_convex.csv,332,3.3306690738754696e-16,0
mujoco_convex.csv,333,0.001583888101612252,0
mujoco_convex.csv,334,1.942890293094024e-16,0
mujoco_convex.csv,335,4.221532344333978e-06,0
mujoco_convex.csv,336,0.002233554155754436,0
mujoco_convex.csv,337,5.551115123125783e-16,0
mujoco_convex.csv,338,2.925949955413787e-15,0
mujoco_convex.csv,339,2.7755575615628914e-16,0
mujoco_convex.csv,340,0.006480758988248958,0
mujoco_convex.csv,341,0.0,0
mujoco_convex.csv,342,0.0026923460848752023,0
mujoco_convex.csv,343,1.6930901125533637e-15,0
mujoco_convex.csv,344,2.5950555846920853e-05,0
mujoco_convex.csv,345,1.003033707108747e-05,0
mujoco_convex.csv,346,1.1102230246251565e-15,0
mujoco_convex.csv,347,8.232303727595536e-14,0
mujoco_convex.csv,348,0.003209570706128817,0
mujoco_convex.csv,349,1.2934098236883074e-14,0
mujoco_convex.csv,350,0.005774462749628784,0
mujoco_convex.csv,351,3.734679232536564e-12,0
mujoco_convex.csv,352,8.47928962821598e-06,0
mujoco_convex.csv,353,6.3651950842347205e-06,0
mujoco_convex.csv,354,2.7755575615628914e-16,0
mujoco_convex.csv,355,2.955888585343125e-06,0
mujoco_convex.csv,356,1.956315480255988e-05,0
mujoco_convex.csv,357,0.0062023345070670866,0
mujoco_convex.csv,358,2.1371793224034263e-14,0
mujoco_convex.csv,359,4.923763676334403e-06,0
mujoco_convex.csv,360,0.004481153283175665,0
mujoco_convex.csv,361,5.295474225008867e-06,0
mujoco_convex.csv,362,2.3613055954996298e-14,0
mujoco_convex.csv,363,0.011969832591032625,0
mujoco_convex.csv,364,0.001355044345987877,0
mujoco_convex.csv,365,1.1635664654008337e-11,0
mujoco_convex.csv,366,4.999473057765158e-15,0
mujoco_convex.csv,367,0.0016587368776743716,0
mujoco_convex.csv,368,1.887379141862766e-15,0
mujoco_convex.csv,369,0.001295407283913419,0
mujoco_convex.csv,370,1.869491691897096e-06,0
mujoco_convex.csv,371,3.3306690738754696e-16,0
mujoco_convex.csv,372,2.220446049250313e-15,0
mujoco_convex.csv,373,0.0016059767623148972,0
mujoco_convex.csv,374,8.648831241131472e-06,0
mujoco_convex.csv,375,6.661338147750939e-16,0
mujoco_convex.csv,376,0.0014996346177949538,0
mujoco_convex.csv,377,0.0054342940677649665,0
mujoco_convex.csv,378,0.005516171136349279,0
mujoco_convex.csv,379,2.220446049250313e-16,0
mujoco_convex.csv,380,2.1038726316646716e-14,0
mujoco_convex.csv,381,5.828670879282072e-16,0
mujoco_convex.csv,382,7.573096950652669e-07,0
mujoco_convex.csv,383,1.9879151392621086e-05,0
mujoco_convex.csv,384,1.449864033831183e-06,0
mujoco_convex.csv,385,3.552713678800501e-15,0
mujoco_convex.csv,386,2.6229018956769323e-15,0
mujoco_convex.csv,387,7.529236741243839e-06,0
mujoco_convex.csv,388,4.829470157119431e-15,0
mujoco_convex.csv,389,1.2417841263850926e-05,0
mujoco_convex.csv,390,4.440892098500626e-15,0
mujoco_convex.csv,391,7.64570754985261e-06,0
mujoco_convex.csv,392,1.4155343563970746e-15,0
mujoco_convex.csv,393,1.1157741397482823e-13,1
mujoco_convex.csv,394,0.0,0
mujoco_convex.csv,395,0.00010564711191274334,0
mujoco_convex.csv,396,2.8033131371785203e-15,0
mujoco_convex.csv,397,3.3306690738754696e-16,0
mujoco_convex.csv,398,4.296563105299356e-14,0
mujoco_convex.csv,399,0.002484733433953293,0
